host;hostname;hostname_type;protocol;port;name;state;product;extrainfo;reason;version;conf;cpe
220.248.245.180;180.245.248.220.adsl-pool.ah.cnuninet.net;PTR;tcp;443;https;open;;;syn-ack;;3;
220.248.245.180;180.245.248.220.adsl-pool.ah.cnuninet.net;PTR;tcp;6000;X11;closed;;;reset;;3;

host;hostname;hostname_type;protocol;port;name;state;product;extrainfo;reason;version;conf;cpe
103.8.34.4;;;tcp;135;msrpc;filtered;;;no-response;;3;
103.8.34.4;;;tcp;139;netbios-ssn;filtered;;;no-response;;3;
103.8.34.4;;;tcp;445;microsoft-ds;filtered;;;no-response;;3;
103.8.34.4;;;tcp;1433;ms-sql-s;filtered;;;no-response;;3;
103.8.34.4;;;tcp;5800;vnc-http;filtered;;;no-response;;3;
103.8.34.4;;;tcp;5900;vnc;filtered;;;no-response;;3;

host;hostname;hostname_type;protocol;port;name;state;product;extrainfo;reason;version;conf;cpe
58.20.141.252;;;tcp;80;http;open;;;syn-ack;;3;
58.20.141.252;;;tcp;81;hosts2-ns;open;;;syn-ack;;3;
58.20.141.252;;;tcp;88;kerberos-sec;open;;;syn-ack;;3;
58.20.141.252;;;tcp;135;msrpc;filtered;;;no-response;;3;
58.20.141.252;;;tcp;139;netbios-ssn;filtered;;;no-response;;3;
58.20.141.252;;;tcp;443;https;open;;;syn-ack;;3;
58.20.141.252;;;tcp;445;microsoft-ds;filtered;;;no-response;;3;
58.20.141.252;;;tcp;3000;ppp;open;;;syn-ack;;3;
58.20.141.252;;;tcp;5000;upnp;open;;;syn-ack;;3;
58.20.141.252;;;tcp;7070;realserver;open;;;syn-ack;;3;
58.20.141.252;;;tcp;8000;http-alt;open;;;syn-ack;;3;
58.20.141.252;;;tcp;8008;http;open;;;syn-ack;;3;
58.20.141.252;;;tcp;8009;ajp13;open;;;syn-ack;;3;
58.20.141.252;;;tcp;8080;http-proxy;open;;;syn-ack;;3;
58.20.141.252;;;tcp;8081;blackice-icecap;open;;;syn-ack;;3;
58.20.141.252;;;tcp;8443;https-alt;open;;;syn-ack;;3;
58.20.141.252;;;tcp;8888;sun-answerbook;open;;;syn-ack;;3;
58.20.141.252;;;tcp;9100;jetdirect;open;;;syn-ack;;3;

host;hostname;hostname_type;protocol;port;name;state;product;extrainfo;reason;version;conf;cpe
27.17.60.148;;;tcp;53;domain;filtered;;;no-response;;3;
27.17.60.148;;;tcp;80;http;filtered;;;no-response;;3;
27.17.60.148;;;tcp;135;msrpc;filtered;;;no-response;;3;
27.17.60.148;;;tcp;139;netbios-ssn;filtered;;;no-response;;3;
27.17.60.148;;;tcp;443;https;filtered;;;no-response;;3;
27.17.60.148;;;tcp;444;snpp;filtered;;;no-response;;3;
27.17.60.148;;;tcp;445;microsoft-ds;filtered;;;no-response;;3;
27.17.60.148;;;tcp;3306;mysql;filtered;;;no-response;;3;
27.17.60.148;;;tcp;5900;vnc;filtered;;;no-response;;3;
27.17.60.148;;;tcp;8080;http-proxy;filtered;;;no-response;;3;
27.17.60.148;;;tcp;9999;abyss;filtered;;;no-response;;3;

host;hostname;hostname_type;protocol;port;name;state;product;extrainfo;reason;version;conf;cpe
103.8.34.11;;;tcp;80;http;open;;;syn-ack;;3;
103.8.34.11;;;tcp;443;https;open;;;syn-ack;;3;
103.8.34.11;;;tcp;8080;http-proxy;open;;;syn-ack;;3;
103.8.34.11;;;tcp;9999;abyss;open;;;syn-ack;;3;

host;hostname;hostname_type;protocol;port;name;state;product;extrainfo;reason;version;conf;cpe

host;hostname;hostname_type;protocol;port;name;state;product;extrainfo;reason;version;conf;cpe

host;hostname;hostname_type;protocol;port;name;state;product;extrainfo;reason;version;conf;cpe

host;hostname;hostname_type;protocol;port;name;state;product;extrainfo;reason;version;conf;cpe

host;hostname;hostname_type;protocol;port;name;state;product;extrainfo;reason;version;conf;cpe
42.62.113.233;;;tcp;80;http;open;;;syn-ack;;3;
42.62.113.233;;;tcp;443;https;open;;;syn-ack;;3;
42.62.113.233;;;tcp;8080;http-proxy;closed;;;reset;;3;

host;hostname;hostname_type;protocol;port;name;state;product;extrainfo;reason;version;conf;cpe
47.110.222.138;;;tcp;443;https;open;;;syn-ack;;3;
47.110.222.138;;;tcp;2000;cisco-sccp;open;;;syn-ack;;3;
47.110.222.138;;;tcp;2001;dc;open;;;syn-ack;;3;
47.110.222.138;;;tcp;8443;https-alt;open;;;syn-ack;;3;

host;hostname;hostname_type;protocol;port;name;state;product;extrainfo;reason;version;conf;cpe
61.163.111.70;hn.ly.kd.adsl;PTR;tcp;80;http;open;;;syn-ack;;3;
61.163.111.70;hn.ly.kd.adsl;PTR;tcp;81;hosts2-ns;open;;;syn-ack;;3;
61.163.111.70;hn.ly.kd.adsl;PTR;tcp;88;kerberos-sec;open;;;syn-ack;;3;
61.163.111.70;hn.ly.kd.adsl;PTR;tcp;443;https;open;;;syn-ack;;3;
61.163.111.70;hn.ly.kd.adsl;PTR;tcp;3000;ppp;open;;;syn-ack;;3;
61.163.111.70;hn.ly.kd.adsl;PTR;tcp;5000;upnp;open;;;syn-ack;;3;
61.163.111.70;hn.ly.kd.adsl;PTR;tcp;7070;realserver;open;;;syn-ack;;3;
61.163.111.70;hn.ly.kd.adsl;PTR;tcp;8000;http-alt;open;;;syn-ack;;3;
61.163.111.70;hn.ly.kd.adsl;PTR;tcp;8008;http;open;;;syn-ack;;3;
61.163.111.70;hn.ly.kd.adsl;PTR;tcp;8009;ajp13;open;;;syn-ack;;3;
61.163.111.70;hn.ly.kd.adsl;PTR;tcp;8080;http-proxy;open;;;syn-ack;;3;
61.163.111.70;hn.ly.kd.adsl;PTR;tcp;8081;blackice-icecap;open;;;syn-ack;;3;
61.163.111.70;hn.ly.kd.adsl;PTR;tcp;8443;https-alt;open;;;syn-ack;;3;
61.163.111.70;hn.ly.kd.adsl;PTR;tcp;8888;sun-answerbook;open;;;syn-ack;;3;
61.163.111.70;hn.ly.kd.adsl;PTR;tcp;9100;jetdirect;open;;;syn-ack;;3;

host;hostname;hostname_type;protocol;port;name;state;product;extrainfo;reason;version;conf;cpe
42.62.43.138;;;tcp;7;echo;closed;;;reset;;3;
42.62.43.138;;;tcp;9;discard;closed;;;reset;;3;
42.62.43.138;;;tcp;13;daytime;closed;;;reset;;3;
42.62.43.138;;;tcp;21;ftp;closed;;;reset;;3;
42.62.43.138;;;tcp;22;ssh;closed;;;reset;;3;
42.62.43.138;;;tcp;23;telnet;closed;;;reset;;3;
42.62.43.138;;;tcp;25;smtp;closed;;;reset;;3;
42.62.43.138;;;tcp;26;rsftp;closed;;;reset;;3;
42.62.43.138;;;tcp;37;time;closed;;;reset;;3;
42.62.43.138;;;tcp;53;domain;closed;;;reset;;3;
42.62.43.138;;;tcp;79;finger;closed;;;reset;;3;
42.62.43.138;;;tcp;80;http;open;;;syn-ack;;3;
42.62.43.138;;;tcp;81;hosts2-ns;open;;;syn-ack;;3;
42.62.43.138;;;tcp;88;kerberos-sec;open;;;syn-ack;;3;
42.62.43.138;;;tcp;106;pop3pw;open;;;syn-ack;;3;
42.62.43.138;;;tcp;110;pop3;open;;;syn-ack;;3;
42.62.43.138;;;tcp;111;rpcbind;open;;;syn-ack;;3;
42.62.43.138;;;tcp;113;ident;open;;;syn-ack;;3;
42.62.43.138;;;tcp;119;nntp;open;;;syn-ack;;3;
42.62.43.138;;;tcp;135;msrpc;filtered;;;no-response;;3;
42.62.43.138;;;tcp;139;netbios-ssn;filtered;;;no-response;;3;
42.62.43.138;;;tcp;143;imap;open;;;syn-ack;;3;
42.62.43.138;;;tcp;144;news;open;;;syn-ack;;3;
42.62.43.138;;;tcp;179;bgp;open;;;syn-ack;;3;
42.62.43.138;;;tcp;199;smux;open;;;syn-ack;;3;
42.62.43.138;;;tcp;389;ldap;open;;;syn-ack;;3;
42.62.43.138;;;tcp;427;svrloc;open;;;syn-ack;;3;
42.62.43.138;;;tcp;443;https;open;;;syn-ack;;3;
42.62.43.138;;;tcp;444;snpp;open;;;syn-ack;;3;
42.62.43.138;;;tcp;445;microsoft-ds;filtered;;;no-response;;3;
42.62.43.138;;;tcp;465;smtps;open;;;syn-ack;;3;
42.62.43.138;;;tcp;513;login;open;;;syn-ack;;3;
42.62.43.138;;;tcp;514;shell;open;;;syn-ack;;3;
42.62.43.138;;;tcp;515;printer;open;;;syn-ack;;3;
42.62.43.138;;;tcp;543;klogin;open;;;syn-ack;;3;
42.62.43.138;;;tcp;544;kshell;open;;;syn-ack;;3;
42.62.43.138;;;tcp;548;afp;open;;;syn-ack;;3;
42.62.43.138;;;tcp;554;rtsp;open;;;syn-ack;;3;
42.62.43.138;;;tcp;587;submission;open;;;syn-ack;;3;
42.62.43.138;;;tcp;631;ipp;open;;;syn-ack;;3;
42.62.43.138;;;tcp;646;ldp;open;;;syn-ack;;3;
42.62.43.138;;;tcp;873;rsync;open;;;syn-ack;;3;
42.62.43.138;;;tcp;990;ftps;open;;;syn-ack;;3;
42.62.43.138;;;tcp;993;imaps;open;;;syn-ack;;3;
42.62.43.138;;;tcp;995;pop3s;open;;;syn-ack;;3;
42.62.43.138;;;tcp;1025;NFS-or-IIS;open;;;syn-ack;;3;
42.62.43.138;;;tcp;1026;LSA-or-nterm;open;;;syn-ack;;3;
42.62.43.138;;;tcp;1027;IIS;open;;;syn-ack;;3;
42.62.43.138;;;tcp;1028;unknown;open;;;syn-ack;;3;
42.62.43.138;;;tcp;1029;ms-lsa;open;;;syn-ack;;3;
42.62.43.138;;;tcp;1110;nfsd-status;open;;;syn-ack;;3;
42.62.43.138;;;tcp;1433;ms-sql-s;open;;;syn-ack;;3;
42.62.43.138;;;tcp;1720;h323q931;open;;;syn-ack;;3;
42.62.43.138;;;tcp;1723;pptp;open;;;syn-ack;;3;
42.62.43.138;;;tcp;1755;wms;open;;;syn-ack;;3;
42.62.43.138;;;tcp;1900;upnp;open;;;syn-ack;;3;
42.62.43.138;;;tcp;2000;cisco-sccp;open;;;syn-ack;;3;
42.62.43.138;;;tcp;2001;dc;open;;;syn-ack;;3;
42.62.43.138;;;tcp;2049;nfs;open;;;syn-ack;;3;
42.62.43.138;;;tcp;2121;ccproxy-ftp;open;;;syn-ack;;3;
42.62.43.138;;;tcp;2717;pn-requester;open;;;syn-ack;;3;
42.62.43.138;;;tcp;3000;ppp;open;;;syn-ack;;3;
42.62.43.138;;;tcp;3128;squid-http;open;;;syn-ack;;3;
42.62.43.138;;;tcp;3306;mysql;open;;;syn-ack;;3;
42.62.43.138;;;tcp;3389;ms-wbt-server;open;;;syn-ack;;3;
42.62.43.138;;;tcp;3986;mapper-ws_ethd;open;;;syn-ack;;3;
42.62.43.138;;;tcp;4899;radmin;open;;;syn-ack;;3;
42.62.43.138;;;tcp;5000;upnp;open;;;syn-ack;;3;
42.62.43.138;;;tcp;5009;airport-admin;open;;;syn-ack;;3;
42.62.43.138;;;tcp;5051;ida-agent;open;;;syn-ack;;3;
42.62.43.138;;;tcp;5060;sip;open;;;syn-ack;;3;
42.62.43.138;;;tcp;5101;admdog;open;;;syn-ack;;3;
42.62.43.138;;;tcp;5190;aol;open;;;syn-ack;;3;
42.62.43.138;;;tcp;5357;wsdapi;open;;;syn-ack;;3;
42.62.43.138;;;tcp;5432;postgresql;open;;;syn-ack;;3;
42.62.43.138;;;tcp;5631;pcanywheredata;open;;;syn-ack;;3;
42.62.43.138;;;tcp;5666;nrpe;open;;;syn-ack;;3;
42.62.43.138;;;tcp;5800;vnc-http;filtered;;;no-response;;3;
42.62.43.138;;;tcp;5900;vnc;filtered;;;no-response;;3;
42.62.43.138;;;tcp;6000;X11;open;;;syn-ack;;3;
42.62.43.138;;;tcp;6001;X11:1;open;;;syn-ack;;3;
42.62.43.138;;;tcp;6646;unknown;open;;;syn-ack;;3;
42.62.43.138;;;tcp;7070;realserver;open;;;syn-ack;;3;
42.62.43.138;;;tcp;8000;http-alt;open;;;syn-ack;;3;
42.62.43.138;;;tcp;8008;http;open;;;syn-ack;;3;
42.62.43.138;;;tcp;8009;ajp13;open;;;syn-ack;;3;
42.62.43.138;;;tcp;8080;http-proxy;open;;;syn-ack;;3;
42.62.43.138;;;tcp;8081;blackice-icecap;open;;;syn-ack;;3;
42.62.43.138;;;tcp;8443;https-alt;open;;;syn-ack;;3;
42.62.43.138;;;tcp;8888;sun-answerbook;open;;;syn-ack;;3;
42.62.43.138;;;tcp;9100;jetdirect;open;;;syn-ack;;3;
42.62.43.138;;;tcp;9999;abyss;open;;;syn-ack;;3;
42.62.43.138;;;tcp;10000;snet-sensor-mgmt;open;;;syn-ack;;3;
42.62.43.138;;;tcp;32768;filenet-tms;open;;;syn-ack;;3;
42.62.43.138;;;tcp;49152;unknown;open;;;syn-ack;;3;
42.62.43.138;;;tcp;49153;unknown;open;;;syn-ack;;3;
42.62.43.138;;;tcp;49154;unknown;open;;;syn-ack;;3;
42.62.43.138;;;tcp;49155;unknown;open;;;syn-ack;;3;
42.62.43.138;;;tcp;49156;unknown;open;;;syn-ack;;3;
42.62.43.138;;;tcp;49157;unknown;open;;;syn-ack;;3;

host;hostname;hostname_type;protocol;port;name;state;product;extrainfo;reason;version;conf;cpe
58.20.141.254;;;tcp;80;http;open;;;syn-ack;;3;
58.20.141.254;;;tcp;81;hosts2-ns;open;;;syn-ack;;3;
58.20.141.254;;;tcp;88;kerberos-sec;open;;;syn-ack;;3;
58.20.141.254;;;tcp;135;msrpc;filtered;;;no-response;;3;
58.20.141.254;;;tcp;139;netbios-ssn;filtered;;;no-response;;3;
58.20.141.254;;;tcp;443;https;open;;;syn-ack;;3;
58.20.141.254;;;tcp;445;microsoft-ds;filtered;;;no-response;;3;
58.20.141.254;;;tcp;3000;ppp;open;;;syn-ack;;3;
58.20.141.254;;;tcp;5000;upnp;open;;;syn-ack;;3;
58.20.141.254;;;tcp;7070;realserver;open;;;syn-ack;;3;
58.20.141.254;;;tcp;8000;http-alt;open;;;syn-ack;;3;
58.20.141.254;;;tcp;8008;http;open;;;syn-ack;;3;
58.20.141.254;;;tcp;8009;ajp13;open;;;syn-ack;;3;
58.20.141.254;;;tcp;8080;http-proxy;open;;;syn-ack;;3;
58.20.141.254;;;tcp;8081;blackice-icecap;open;;;syn-ack;;3;
58.20.141.254;;;tcp;8443;https-alt;open;;;syn-ack;;3;
58.20.141.254;;;tcp;8888;sun-answerbook;open;;;syn-ack;;3;
58.20.141.254;;;tcp;9100;jetdirect;open;;;syn-ack;;3;

host;hostname;hostname_type;protocol;port;name;state;product;extrainfo;reason;version;conf;cpe

host;hostname;hostname_type;protocol;port;name;state;product;extrainfo;reason;version;conf;cpe

host;hostname;hostname_type;protocol;port;name;state;product;extrainfo;reason;version;conf;cpe
220.248.245.131;131.245.248.220.adsl-pool.ah.cnuninet.net;PTR;tcp;25;smtp;open;;;syn-ack;;3;
220.248.245.131;131.245.248.220.adsl-pool.ah.cnuninet.net;PTR;tcp;80;http;open;;;syn-ack;;3;
220.248.245.131;131.245.248.220.adsl-pool.ah.cnuninet.net;PTR;tcp;110;pop3;open;;;syn-ack;;3;
220.248.245.131;131.245.248.220.adsl-pool.ah.cnuninet.net;PTR;tcp;143;imap;open;;;syn-ack;;3;
220.248.245.131;131.245.248.220.adsl-pool.ah.cnuninet.net;PTR;tcp;443;https;open;;;syn-ack;;3;
220.248.245.131;131.245.248.220.adsl-pool.ah.cnuninet.net;PTR;tcp;465;smtps;open;;;syn-ack;;3;
220.248.245.131;131.245.248.220.adsl-pool.ah.cnuninet.net;PTR;tcp;993;imaps;open;;;syn-ack;;3;
220.248.245.131;131.245.248.220.adsl-pool.ah.cnuninet.net;PTR;tcp;995;pop3s;open;;;syn-ack;;3;
220.248.245.131;131.245.248.220.adsl-pool.ah.cnuninet.net;PTR;tcp;8080;http-proxy;open;;;syn-ack;;3;

host;hostname;hostname_type;protocol;port;name;state;product;extrainfo;reason;version;conf;cpe

host;hostname;hostname_type;protocol;port;name;state;product;extrainfo;reason;version;conf;cpe

host;hostname;hostname_type;protocol;port;name;state;product;extrainfo;reason;version;conf;cpe

host;hostname;hostname_type;protocol;port;name;state;product;extrainfo;reason;version;conf;cpe

host;hostname;hostname_type;protocol;port;name;state;product;extrainfo;reason;version;conf;cpe
36.33.26.149;149.26.33.36.adsl-pool.ah.cnuninet.net;PTR;tcp;80;http;open;;;syn-ack;;3;
36.33.26.149;149.26.33.36.adsl-pool.ah.cnuninet.net;PTR;tcp;443;https;open;;;syn-ack;;3;
36.33.26.149;149.26.33.36.adsl-pool.ah.cnuninet.net;PTR;tcp;8081;blackice-icecap;open;;;syn-ack;;3;

host;hostname;hostname_type;protocol;port;name;state;product;extrainfo;reason;version;conf;cpe
103.107.215.20;;;tcp;80;http;open;;;syn-ack;;3;
103.107.215.20;;;tcp;81;hosts2-ns;open;;;syn-ack;;3;
103.107.215.20;;;tcp;88;kerberos-sec;open;;;syn-ack;;3;
103.107.215.20;;;tcp;111;rpcbind;open;;;syn-ack;;3;
103.107.215.20;;;tcp;443;https;open;;;syn-ack;;3;
103.107.215.20;;;tcp;444;snpp;open;;;syn-ack;;3;
103.107.215.20;;;tcp;1025;NFS-or-IIS;open;;;syn-ack;;3;
103.107.215.20;;;tcp;1026;LSA-or-nterm;open;;;syn-ack;;3;
103.107.215.20;;;tcp;1723;pptp;open;;;syn-ack;;3;
103.107.215.20;;;tcp;2000;cisco-sccp;open;;;syn-ack;;3;
103.107.215.20;;;tcp;2001;dc;open;;;syn-ack;;3;
103.107.215.20;;;tcp;3000;ppp;open;;;syn-ack;;3;
103.107.215.20;;;tcp;4899;radmin;open;;;syn-ack;;3;
103.107.215.20;;;tcp;6000;X11;open;;;syn-ack;;3;
103.107.215.20;;;tcp;6001;X11:1;open;;;syn-ack;;3;
103.107.215.20;;;tcp;7070;realserver;open;;;syn-ack;;3;
103.107.215.20;;;tcp;8000;http-alt;open;;;syn-ack;;3;
103.107.215.20;;;tcp;8008;http;open;;;syn-ack;;3;
103.107.215.20;;;tcp;8009;ajp13;open;;;syn-ack;;3;
103.107.215.20;;;tcp;8080;http-proxy;open;;;syn-ack;;3;
103.107.215.20;;;tcp;8081;blackice-icecap;open;;;syn-ack;;3;
103.107.215.20;;;tcp;8443;https-alt;open;;;syn-ack;;3;
103.107.215.20;;;tcp;8888;sun-answerbook;open;;;syn-ack;;3;
103.107.215.20;;;tcp;9100;jetdirect;open;;;syn-ack;;3;
103.107.215.20;;;tcp;9999;abyss;open;;;syn-ack;;3;
103.107.215.20;;;tcp;10000;snet-sensor-mgmt;open;;;syn-ack;;3;

host;hostname;hostname_type;protocol;port;name;state;product;extrainfo;reason;version;conf;cpe
47.98.244.53;;;tcp;22;ssh;closed;;;reset;;3;
47.98.244.53;;;tcp;3389;ms-wbt-server;open;;;syn-ack;;3;

host;hostname;hostname_type;protocol;port;name;state;product;extrainfo;reason;version;conf;cpe
36.7.109.160;;;tcp;7;echo;closed;;;reset;;3;
36.7.109.160;;;tcp;9;discard;closed;;;reset;;3;
36.7.109.160;;;tcp;13;daytime;closed;;;reset;;3;
36.7.109.160;;;tcp;21;ftp;closed;;;reset;;3;
36.7.109.160;;;tcp;22;ssh;closed;;;reset;;3;
36.7.109.160;;;tcp;23;telnet;closed;;;reset;;3;
36.7.109.160;;;tcp;25;smtp;closed;;;reset;;3;
36.7.109.160;;;tcp;26;rsftp;closed;;;reset;;3;
36.7.109.160;;;tcp;37;time;closed;;;reset;;3;
36.7.109.160;;;tcp;53;domain;closed;;;reset;;3;
36.7.109.160;;;tcp;79;finger;closed;;;reset;;3;
36.7.109.160;;;tcp;80;http;open;;;syn-ack;;3;
36.7.109.160;;;tcp;81;hosts2-ns;open;;;syn-ack;;3;
36.7.109.160;;;tcp;88;kerberos-sec;open;;;syn-ack;;3;
36.7.109.160;;;tcp;106;pop3pw;open;;;syn-ack;;3;
36.7.109.160;;;tcp;110;pop3;open;;;syn-ack;;3;
36.7.109.160;;;tcp;111;rpcbind;open;;;syn-ack;;3;
36.7.109.160;;;tcp;113;ident;open;;;syn-ack;;3;
36.7.109.160;;;tcp;119;nntp;open;;;syn-ack;;3;
36.7.109.160;;;tcp;135;msrpc;filtered;;;no-response;;3;
36.7.109.160;;;tcp;139;netbios-ssn;filtered;;;no-response;;3;
36.7.109.160;;;tcp;143;imap;open;;;syn-ack;;3;
36.7.109.160;;;tcp;144;news;open;;;syn-ack;;3;
36.7.109.160;;;tcp;179;bgp;open;;;syn-ack;;3;
36.7.109.160;;;tcp;199;smux;open;;;syn-ack;;3;
36.7.109.160;;;tcp;389;ldap;open;;;syn-ack;;3;
36.7.109.160;;;tcp;427;svrloc;open;;;syn-ack;;3;
36.7.109.160;;;tcp;443;https;open;;;syn-ack;;3;
36.7.109.160;;;tcp;444;snpp;open;;;syn-ack;;3;
36.7.109.160;;;tcp;445;microsoft-ds;filtered;;;no-response;;3;
36.7.109.160;;;tcp;465;smtps;open;;;syn-ack;;3;
36.7.109.160;;;tcp;513;login;open;;;syn-ack;;3;
36.7.109.160;;;tcp;514;shell;open;;;syn-ack;;3;
36.7.109.160;;;tcp;515;printer;open;;;syn-ack;;3;
36.7.109.160;;;tcp;543;klogin;open;;;syn-ack;;3;
36.7.109.160;;;tcp;544;kshell;open;;;syn-ack;;3;
36.7.109.160;;;tcp;548;afp;open;;;syn-ack;;3;
36.7.109.160;;;tcp;554;rtsp;open;;;syn-ack;;3;
36.7.109.160;;;tcp;587;submission;open;;;syn-ack;;3;
36.7.109.160;;;tcp;631;ipp;open;;;syn-ack;;3;
36.7.109.160;;;tcp;646;ldp;open;;;syn-ack;;3;
36.7.109.160;;;tcp;873;rsync;open;;;syn-ack;;3;
36.7.109.160;;;tcp;990;ftps;open;;;syn-ack;;3;
36.7.109.160;;;tcp;993;imaps;open;;;syn-ack;;3;
36.7.109.160;;;tcp;995;pop3s;open;;;syn-ack;;3;
36.7.109.160;;;tcp;1025;NFS-or-IIS;open;;;syn-ack;;3;
36.7.109.160;;;tcp;1026;LSA-or-nterm;open;;;syn-ack;;3;
36.7.109.160;;;tcp;1027;IIS;open;;;syn-ack;;3;
36.7.109.160;;;tcp;1028;unknown;open;;;syn-ack;;3;
36.7.109.160;;;tcp;1029;ms-lsa;open;;;syn-ack;;3;
36.7.109.160;;;tcp;1110;nfsd-status;open;;;syn-ack;;3;
36.7.109.160;;;tcp;1433;ms-sql-s;open;;;syn-ack;;3;
36.7.109.160;;;tcp;1720;h323q931;open;;;syn-ack;;3;
36.7.109.160;;;tcp;1723;pptp;open;;;syn-ack;;3;
36.7.109.160;;;tcp;1755;wms;open;;;syn-ack;;3;
36.7.109.160;;;tcp;1900;upnp;open;;;syn-ack;;3;
36.7.109.160;;;tcp;2000;cisco-sccp;open;;;syn-ack;;3;
36.7.109.160;;;tcp;2001;dc;open;;;syn-ack;;3;
36.7.109.160;;;tcp;2049;nfs;open;;;syn-ack;;3;
36.7.109.160;;;tcp;2121;ccproxy-ftp;open;;;syn-ack;;3;
36.7.109.160;;;tcp;2717;pn-requester;open;;;syn-ack;;3;
36.7.109.160;;;tcp;3000;ppp;open;;;syn-ack;;3;
36.7.109.160;;;tcp;3128;squid-http;filtered;;;no-response;;3;
36.7.109.160;;;tcp;3306;mysql;open;;;syn-ack;;3;
36.7.109.160;;;tcp;3389;ms-wbt-server;open;;;syn-ack;;3;
36.7.109.160;;;tcp;3986;mapper-ws_ethd;open;;;syn-ack;;3;
36.7.109.160;;;tcp;4899;radmin;open;;;syn-ack;;3;
36.7.109.160;;;tcp;5000;upnp;open;;;syn-ack;;3;
36.7.109.160;;;tcp;5009;airport-admin;open;;;syn-ack;;3;
36.7.109.160;;;tcp;5051;ida-agent;open;;;syn-ack;;3;
36.7.109.160;;;tcp;5060;sip;open;;;syn-ack;;3;
36.7.109.160;;;tcp;5101;admdog;open;;;syn-ack;;3;
36.7.109.160;;;tcp;5190;aol;open;;;syn-ack;;3;
36.7.109.160;;;tcp;5357;wsdapi;open;;;syn-ack;;3;
36.7.109.160;;;tcp;5432;postgresql;open;;;syn-ack;;3;
36.7.109.160;;;tcp;5631;pcanywheredata;open;;;syn-ack;;3;
36.7.109.160;;;tcp;5666;nrpe;open;;;syn-ack;;3;
36.7.109.160;;;tcp;5800;vnc-http;open;;;syn-ack;;3;
36.7.109.160;;;tcp;5900;vnc;open;;;syn-ack;;3;
36.7.109.160;;;tcp;6000;X11;open;;;syn-ack;;3;
36.7.109.160;;;tcp;6001;X11:1;open;;;syn-ack;;3;
36.7.109.160;;;tcp;6646;unknown;open;;;syn-ack;;3;
36.7.109.160;;;tcp;7070;realserver;open;;;syn-ack;;3;
36.7.109.160;;;tcp;8000;http-alt;open;;;syn-ack;;3;
36.7.109.160;;;tcp;8008;http;open;;;syn-ack;;3;
36.7.109.160;;;tcp;8009;ajp13;open;;;syn-ack;;3;
36.7.109.160;;;tcp;8080;http-proxy;open;;;syn-ack;;3;
36.7.109.160;;;tcp;8081;blackice-icecap;open;;;syn-ack;;3;
36.7.109.160;;;tcp;8443;https-alt;open;;;syn-ack;;3;
36.7.109.160;;;tcp;8888;sun-answerbook;open;;;syn-ack;;3;
36.7.109.160;;;tcp;9100;jetdirect;open;;;syn-ack;;3;
36.7.109.160;;;tcp;9999;abyss;open;;;syn-ack;;3;
36.7.109.160;;;tcp;10000;snet-sensor-mgmt;open;;;syn-ack;;3;
36.7.109.160;;;tcp;32768;filenet-tms;open;;;syn-ack;;3;
36.7.109.160;;;tcp;49152;unknown;open;;;syn-ack;;3;
36.7.109.160;;;tcp;49153;unknown;open;;;syn-ack;;3;
36.7.109.160;;;tcp;49154;unknown;open;;;syn-ack;;3;
36.7.109.160;;;tcp;49155;unknown;open;;;syn-ack;;3;
36.7.109.160;;;tcp;49156;unknown;open;;;syn-ack;;3;
36.7.109.160;;;tcp;49157;unknown;open;;;syn-ack;;3;

host;hostname;hostname_type;protocol;port;name;state;product;extrainfo;reason;version;conf;cpe
36.7.172.27;;;tcp;80;http;open;;;syn-ack;;3;
36.7.172.27;;;tcp;135;msrpc;filtered;;;no-response;;3;
36.7.172.27;;;tcp;139;netbios-ssn;filtered;;;no-response;;3;
36.7.172.27;;;tcp;445;microsoft-ds;filtered;;;no-response;;3;
36.7.172.27;;;tcp;3128;squid-http;filtered;;;no-response;;3;

host;hostname;hostname_type;protocol;port;name;state;product;extrainfo;reason;version;conf;cpe
121.199.251.82;;;tcp;80;http;open;;;syn-ack;;3;
121.199.251.82;;;tcp;8080;http-proxy;open;;;syn-ack;;3;
121.199.251.82;;;tcp;9999;abyss;closed;;;reset;;3;

host;hostname;hostname_type;protocol;port;name;state;product;extrainfo;reason;version;conf;cpe
36.7.172.16;;;tcp;53;domain;closed;;;reset;;3;
36.7.172.16;;;tcp;80;http;open;;;syn-ack;;3;
36.7.172.16;;;tcp;1028;unknown;open;;;syn-ack;;3;
36.7.172.16;;;tcp;5101;admdog;open;;;syn-ack;;3;
36.7.172.16;;;tcp;6001;X11:1;closed;;;reset;;3;
36.7.172.16;;;tcp;8080;http-proxy;open;;;syn-ack;;3;
36.7.172.16;;;tcp;9100;jetdirect;open;;;syn-ack;;3;

host;hostname;hostname_type;protocol;port;name;state;product;extrainfo;reason;version;conf;cpe
121.40.78.40;;;tcp;22;ssh;open;;;syn-ack;;3;
121.40.78.40;;;tcp;3389;ms-wbt-server;closed;;;reset;;3;

host;hostname;hostname_type;protocol;port;name;state;product;extrainfo;reason;version;conf;cpe
61.163.109.132;hn.ly.kd.adsl;PTR;tcp;80;http;open;;;syn-ack;;3;
61.163.109.132;hn.ly.kd.adsl;PTR;tcp;81;hosts2-ns;open;;;syn-ack;;3;
61.163.109.132;hn.ly.kd.adsl;PTR;tcp;88;kerberos-sec;open;;;syn-ack;;3;
61.163.109.132;hn.ly.kd.adsl;PTR;tcp;443;https;open;;;syn-ack;;3;
61.163.109.132;hn.ly.kd.adsl;PTR;tcp;3000;ppp;open;;;syn-ack;;3;
61.163.109.132;hn.ly.kd.adsl;PTR;tcp;5000;upnp;open;;;syn-ack;;3;
61.163.109.132;hn.ly.kd.adsl;PTR;tcp;7070;realserver;open;;;syn-ack;;3;
61.163.109.132;hn.ly.kd.adsl;PTR;tcp;8000;http-alt;open;;;syn-ack;;3;
61.163.109.132;hn.ly.kd.adsl;PTR;tcp;8008;http;open;;;syn-ack;;3;
61.163.109.132;hn.ly.kd.adsl;PTR;tcp;8009;ajp13;open;;;syn-ack;;3;
61.163.109.132;hn.ly.kd.adsl;PTR;tcp;8080;http-proxy;open;;;syn-ack;;3;
61.163.109.132;hn.ly.kd.adsl;PTR;tcp;8081;blackice-icecap;open;;;syn-ack;;3;
61.163.109.132;hn.ly.kd.adsl;PTR;tcp;8443;https-alt;open;;;syn-ack;;3;
61.163.109.132;hn.ly.kd.adsl;PTR;tcp;8888;sun-answerbook;open;;;syn-ack;;3;
61.163.109.132;hn.ly.kd.adsl;PTR;tcp;9100;jetdirect;open;;;syn-ack;;3;

host;hostname;hostname_type;protocol;port;name;state;product;extrainfo;reason;version;conf;cpe

host;hostname;hostname_type;protocol;port;name;state;product;extrainfo;reason;version;conf;cpe
36.33.216.68;68.216.33.36.adsl-pool.ah.cnuninet.net;PTR;tcp;22;ssh;filtered;;;no-response;;3;
36.33.216.68;68.216.33.36.adsl-pool.ah.cnuninet.net;PTR;tcp;23;telnet;filtered;;;no-response;;3;
36.33.216.68;68.216.33.36.adsl-pool.ah.cnuninet.net;PTR;tcp;80;http;open;;;syn-ack;;3;
36.33.216.68;68.216.33.36.adsl-pool.ah.cnuninet.net;PTR;tcp;81;hosts2-ns;open;;;syn-ack;;3;
36.33.216.68;68.216.33.36.adsl-pool.ah.cnuninet.net;PTR;tcp;88;kerberos-sec;open;;;syn-ack;;3;
36.33.216.68;68.216.33.36.adsl-pool.ah.cnuninet.net;PTR;tcp;110;pop3;open;;;syn-ack;;3;
36.33.216.68;68.216.33.36.adsl-pool.ah.cnuninet.net;PTR;tcp;135;msrpc;filtered;;;no-response;;3;
36.33.216.68;68.216.33.36.adsl-pool.ah.cnuninet.net;PTR;tcp;139;netbios-ssn;filtered;;;no-response;;3;
36.33.216.68;68.216.33.36.adsl-pool.ah.cnuninet.net;PTR;tcp;143;imap;open;;;syn-ack;;3;
36.33.216.68;68.216.33.36.adsl-pool.ah.cnuninet.net;PTR;tcp;443;https;open;;;syn-ack;;3;
36.33.216.68;68.216.33.36.adsl-pool.ah.cnuninet.net;PTR;tcp;444;snpp;open;;;syn-ack;;3;
36.33.216.68;68.216.33.36.adsl-pool.ah.cnuninet.net;PTR;tcp;445;microsoft-ds;filtered;;;no-response;;3;
36.33.216.68;68.216.33.36.adsl-pool.ah.cnuninet.net;PTR;tcp;1433;ms-sql-s;filtered;;;no-response;;3;
36.33.216.68;68.216.33.36.adsl-pool.ah.cnuninet.net;PTR;tcp;3000;ppp;open;;;syn-ack;;3;
36.33.216.68;68.216.33.36.adsl-pool.ah.cnuninet.net;PTR;tcp;5800;vnc-http;filtered;;;no-response;;3;
36.33.216.68;68.216.33.36.adsl-pool.ah.cnuninet.net;PTR;tcp;5900;vnc;filtered;;;no-response;;3;
36.33.216.68;68.216.33.36.adsl-pool.ah.cnuninet.net;PTR;tcp;7070;realserver;open;;;syn-ack;;3;
36.33.216.68;68.216.33.36.adsl-pool.ah.cnuninet.net;PTR;tcp;8000;http-alt;open;;;syn-ack;;3;
36.33.216.68;68.216.33.36.adsl-pool.ah.cnuninet.net;PTR;tcp;8080;http-proxy;open;;;syn-ack;;3;
36.33.216.68;68.216.33.36.adsl-pool.ah.cnuninet.net;PTR;tcp;8081;blackice-icecap;open;;;syn-ack;;3;
36.33.216.68;68.216.33.36.adsl-pool.ah.cnuninet.net;PTR;tcp;8443;https-alt;open;;;syn-ack;;3;
36.33.216.68;68.216.33.36.adsl-pool.ah.cnuninet.net;PTR;tcp;8888;sun-answerbook;open;;;syn-ack;;3;
36.33.216.68;68.216.33.36.adsl-pool.ah.cnuninet.net;PTR;tcp;9999;abyss;open;;;syn-ack;;3;

host;hostname;hostname_type;protocol;port;name;state;product;extrainfo;reason;version;conf;cpe

host;hostname;hostname_type;protocol;port;name;state;product;extrainfo;reason;version;conf;cpe
36.7.109.173;;;tcp;7;echo;closed;;;reset;;3;
36.7.109.173;;;tcp;9;discard;closed;;;reset;;3;
36.7.109.173;;;tcp;13;daytime;closed;;;reset;;3;
36.7.109.173;;;tcp;21;ftp;closed;;;reset;;3;
36.7.109.173;;;tcp;22;ssh;closed;;;reset;;3;
36.7.109.173;;;tcp;23;telnet;closed;;;reset;;3;
36.7.109.173;;;tcp;25;smtp;closed;;;reset;;3;
36.7.109.173;;;tcp;26;rsftp;closed;;;reset;;3;
36.7.109.173;;;tcp;37;time;closed;;;reset;;3;
36.7.109.173;;;tcp;53;domain;closed;;;reset;;3;
36.7.109.173;;;tcp;79;finger;closed;;;reset;;3;
36.7.109.173;;;tcp;80;http;open;;;syn-ack;;3;
36.7.109.173;;;tcp;81;hosts2-ns;open;;;syn-ack;;3;
36.7.109.173;;;tcp;88;kerberos-sec;open;;;syn-ack;;3;
36.7.109.173;;;tcp;106;pop3pw;open;;;syn-ack;;3;
36.7.109.173;;;tcp;110;pop3;open;;;syn-ack;;3;
36.7.109.173;;;tcp;111;rpcbind;open;;;syn-ack;;3;
36.7.109.173;;;tcp;113;ident;open;;;syn-ack;;3;
36.7.109.173;;;tcp;119;nntp;open;;;syn-ack;;3;
36.7.109.173;;;tcp;135;msrpc;filtered;;;no-response;;3;
36.7.109.173;;;tcp;139;netbios-ssn;filtered;;;no-response;;3;
36.7.109.173;;;tcp;143;imap;open;;;syn-ack;;3;
36.7.109.173;;;tcp;144;news;open;;;syn-ack;;3;
36.7.109.173;;;tcp;179;bgp;open;;;syn-ack;;3;
36.7.109.173;;;tcp;199;smux;open;;;syn-ack;;3;
36.7.109.173;;;tcp;389;ldap;open;;;syn-ack;;3;
36.7.109.173;;;tcp;427;svrloc;open;;;syn-ack;;3;
36.7.109.173;;;tcp;443;https;open;;;syn-ack;;3;
36.7.109.173;;;tcp;444;snpp;open;;;syn-ack;;3;
36.7.109.173;;;tcp;445;microsoft-ds;filtered;;;no-response;;3;
36.7.109.173;;;tcp;465;smtps;open;;;syn-ack;;3;
36.7.109.173;;;tcp;513;login;open;;;syn-ack;;3;
36.7.109.173;;;tcp;514;shell;open;;;syn-ack;;3;
36.7.109.173;;;tcp;515;printer;open;;;syn-ack;;3;
36.7.109.173;;;tcp;543;klogin;open;;;syn-ack;;3;
36.7.109.173;;;tcp;544;kshell;open;;;syn-ack;;3;
36.7.109.173;;;tcp;548;afp;open;;;syn-ack;;3;
36.7.109.173;;;tcp;554;rtsp;open;;;syn-ack;;3;
36.7.109.173;;;tcp;587;submission;open;;;syn-ack;;3;
36.7.109.173;;;tcp;631;ipp;open;;;syn-ack;;3;
36.7.109.173;;;tcp;646;ldp;open;;;syn-ack;;3;
36.7.109.173;;;tcp;873;rsync;open;;;syn-ack;;3;
36.7.109.173;;;tcp;990;ftps;open;;;syn-ack;;3;
36.7.109.173;;;tcp;993;imaps;open;;;syn-ack;;3;
36.7.109.173;;;tcp;995;pop3s;open;;;syn-ack;;3;
36.7.109.173;;;tcp;1025;NFS-or-IIS;open;;;syn-ack;;3;
36.7.109.173;;;tcp;1026;LSA-or-nterm;open;;;syn-ack;;3;
36.7.109.173;;;tcp;1027;IIS;open;;;syn-ack;;3;
36.7.109.173;;;tcp;1028;unknown;open;;;syn-ack;;3;
36.7.109.173;;;tcp;1029;ms-lsa;open;;;syn-ack;;3;
36.7.109.173;;;tcp;1110;nfsd-status;open;;;syn-ack;;3;
36.7.109.173;;;tcp;1433;ms-sql-s;open;;;syn-ack;;3;
36.7.109.173;;;tcp;1720;h323q931;open;;;syn-ack;;3;
36.7.109.173;;;tcp;1723;pptp;open;;;syn-ack;;3;
36.7.109.173;;;tcp;1755;wms;open;;;syn-ack;;3;
36.7.109.173;;;tcp;1900;upnp;open;;;syn-ack;;3;
36.7.109.173;;;tcp;2000;cisco-sccp;open;;;syn-ack;;3;
36.7.109.173;;;tcp;2001;dc;open;;;syn-ack;;3;
36.7.109.173;;;tcp;2049;nfs;open;;;syn-ack;;3;
36.7.109.173;;;tcp;2121;ccproxy-ftp;open;;;syn-ack;;3;
36.7.109.173;;;tcp;2717;pn-requester;open;;;syn-ack;;3;
36.7.109.173;;;tcp;3000;ppp;open;;;syn-ack;;3;
36.7.109.173;;;tcp;3128;squid-http;filtered;;;no-response;;3;
36.7.109.173;;;tcp;3306;mysql;open;;;syn-ack;;3;
36.7.109.173;;;tcp;3389;ms-wbt-server;open;;;syn-ack;;3;
36.7.109.173;;;tcp;3986;mapper-ws_ethd;open;;;syn-ack;;3;
36.7.109.173;;;tcp;4899;radmin;open;;;syn-ack;;3;
36.7.109.173;;;tcp;5000;upnp;open;;;syn-ack;;3;
36.7.109.173;;;tcp;5009;airport-admin;open;;;syn-ack;;3;
36.7.109.173;;;tcp;5051;ida-agent;open;;;syn-ack;;3;
36.7.109.173;;;tcp;5060;sip;open;;;syn-ack;;3;
36.7.109.173;;;tcp;5101;admdog;open;;;syn-ack;;3;
36.7.109.173;;;tcp;5190;aol;open;;;syn-ack;;3;
36.7.109.173;;;tcp;5357;wsdapi;open;;;syn-ack;;3;
36.7.109.173;;;tcp;5432;postgresql;open;;;syn-ack;;3;
36.7.109.173;;;tcp;5631;pcanywheredata;open;;;syn-ack;;3;
36.7.109.173;;;tcp;5666;nrpe;open;;;syn-ack;;3;
36.7.109.173;;;tcp;5800;vnc-http;open;;;syn-ack;;3;
36.7.109.173;;;tcp;5900;vnc;open;;;syn-ack;;3;
36.7.109.173;;;tcp;6000;X11;open;;;syn-ack;;3;
36.7.109.173;;;tcp;6001;X11:1;open;;;syn-ack;;3;
36.7.109.173;;;tcp;6646;unknown;open;;;syn-ack;;3;
36.7.109.173;;;tcp;7070;realserver;open;;;syn-ack;;3;
36.7.109.173;;;tcp;8000;http-alt;open;;;syn-ack;;3;
36.7.109.173;;;tcp;8008;http;open;;;syn-ack;;3;
36.7.109.173;;;tcp;8009;ajp13;open;;;syn-ack;;3;
36.7.109.173;;;tcp;8080;http-proxy;open;;;syn-ack;;3;
36.7.109.173;;;tcp;8081;blackice-icecap;open;;;syn-ack;;3;
36.7.109.173;;;tcp;8443;https-alt;open;;;syn-ack;;3;
36.7.109.173;;;tcp;8888;sun-answerbook;open;;;syn-ack;;3;
36.7.109.173;;;tcp;9100;jetdirect;open;;;syn-ack;;3;
36.7.109.173;;;tcp;9999;abyss;open;;;syn-ack;;3;
36.7.109.173;;;tcp;10000;snet-sensor-mgmt;open;;;syn-ack;;3;
36.7.109.173;;;tcp;32768;filenet-tms;open;;;syn-ack;;3;
36.7.109.173;;;tcp;49152;unknown;open;;;syn-ack;;3;
36.7.109.173;;;tcp;49153;unknown;open;;;syn-ack;;3;
36.7.109.173;;;tcp;49154;unknown;open;;;syn-ack;;3;
36.7.109.173;;;tcp;49155;unknown;open;;;syn-ack;;3;
36.7.109.173;;;tcp;49156;unknown;open;;;syn-ack;;3;
36.7.109.173;;;tcp;49157;unknown;open;;;syn-ack;;3;

host;hostname;hostname_type;protocol;port;name;state;product;extrainfo;reason;version;conf;cpe
153.99.235.222;;;tcp;7;echo;open;;;syn-ack;;3;
153.99.235.222;;;tcp;9;discard;open;;;syn-ack;;3;
153.99.235.222;;;tcp;13;daytime;open;;;syn-ack;;3;
153.99.235.222;;;tcp;21;ftp;open;;;syn-ack;;3;
153.99.235.222;;;tcp;22;ssh;open;;;syn-ack;;3;
153.99.235.222;;;tcp;23;telnet;open;;;syn-ack;;3;
153.99.235.222;;;tcp;25;smtp;open;;;syn-ack;;3;
153.99.235.222;;;tcp;26;rsftp;open;;;syn-ack;;3;
153.99.235.222;;;tcp;37;time;open;;;syn-ack;;3;
153.99.235.222;;;tcp;53;domain;open;;;syn-ack;;3;
153.99.235.222;;;tcp;79;finger;open;;;syn-ack;;3;
153.99.235.222;;;tcp;80;http;open;;;syn-ack;;3;
153.99.235.222;;;tcp;81;hosts2-ns;open;;;syn-ack;;3;
153.99.235.222;;;tcp;88;kerberos-sec;open;;;syn-ack;;3;
153.99.235.222;;;tcp;106;pop3pw;open;;;syn-ack;;3;
153.99.235.222;;;tcp;110;pop3;open;;;syn-ack;;3;
153.99.235.222;;;tcp;111;rpcbind;open;;;syn-ack;;3;
153.99.235.222;;;tcp;113;ident;open;;;syn-ack;;3;
153.99.235.222;;;tcp;119;nntp;open;;;syn-ack;;3;
153.99.235.222;;;tcp;135;msrpc;filtered;;;no-response;;3;
153.99.235.222;;;tcp;139;netbios-ssn;filtered;;;no-response;;3;
153.99.235.222;;;tcp;143;imap;open;;;syn-ack;;3;
153.99.235.222;;;tcp;144;news;open;;;syn-ack;;3;
153.99.235.222;;;tcp;179;bgp;open;;;syn-ack;;3;
153.99.235.222;;;tcp;199;smux;open;;;syn-ack;;3;
153.99.235.222;;;tcp;389;ldap;open;;;syn-ack;;3;
153.99.235.222;;;tcp;427;svrloc;open;;;syn-ack;;3;
153.99.235.222;;;tcp;443;https;open;;;syn-ack;;3;
153.99.235.222;;;tcp;444;snpp;open;;;syn-ack;;3;
153.99.235.222;;;tcp;445;microsoft-ds;filtered;;;no-response;;3;
153.99.235.222;;;tcp;465;smtps;open;;;syn-ack;;3;
153.99.235.222;;;tcp;513;login;open;;;syn-ack;;3;
153.99.235.222;;;tcp;514;shell;open;;;syn-ack;;3;
153.99.235.222;;;tcp;515;printer;open;;;syn-ack;;3;
153.99.235.222;;;tcp;543;klogin;open;;;syn-ack;;3;
153.99.235.222;;;tcp;544;kshell;open;;;syn-ack;;3;
153.99.235.222;;;tcp;548;afp;open;;;syn-ack;;3;
153.99.235.222;;;tcp;554;rtsp;open;;;syn-ack;;3;
153.99.235.222;;;tcp;587;submission;open;;;syn-ack;;3;
153.99.235.222;;;tcp;631;ipp;open;;;syn-ack;;3;
153.99.235.222;;;tcp;646;ldp;open;;;syn-ack;;3;
153.99.235.222;;;tcp;873;rsync;open;;;syn-ack;;3;
153.99.235.222;;;tcp;990;ftps;open;;;syn-ack;;3;
153.99.235.222;;;tcp;993;imaps;open;;;syn-ack;;3;
153.99.235.222;;;tcp;995;pop3s;open;;;syn-ack;;3;
153.99.235.222;;;tcp;1025;NFS-or-IIS;open;;;syn-ack;;3;
153.99.235.222;;;tcp;1026;LSA-or-nterm;open;;;syn-ack;;3;
153.99.235.222;;;tcp;1027;IIS;open;;;syn-ack;;3;
153.99.235.222;;;tcp;1028;unknown;open;;;syn-ack;;3;
153.99.235.222;;;tcp;1029;ms-lsa;open;;;syn-ack;;3;
153.99.235.222;;;tcp;1110;nfsd-status;open;;;syn-ack;;3;
153.99.235.222;;;tcp;1433;ms-sql-s;open;;;syn-ack;;3;
153.99.235.222;;;tcp;1720;h323q931;open;;;syn-ack;;3;
153.99.235.222;;;tcp;1723;pptp;open;;;syn-ack;;3;
153.99.235.222;;;tcp;1755;wms;open;;;syn-ack;;3;
153.99.235.222;;;tcp;1900;upnp;open;;;syn-ack;;3;
153.99.235.222;;;tcp;2000;cisco-sccp;open;;;syn-ack;;3;
153.99.235.222;;;tcp;2001;dc;open;;;syn-ack;;3;
153.99.235.222;;;tcp;2049;nfs;open;;;syn-ack;;3;
153.99.235.222;;;tcp;2121;ccproxy-ftp;open;;;syn-ack;;3;
153.99.235.222;;;tcp;2717;pn-requester;open;;;syn-ack;;3;
153.99.235.222;;;tcp;3000;ppp;open;;;syn-ack;;3;
153.99.235.222;;;tcp;3128;squid-http;open;;;syn-ack;;3;
153.99.235.222;;;tcp;3306;mysql;open;;;syn-ack;;3;
153.99.235.222;;;tcp;3389;ms-wbt-server;open;;;syn-ack;;3;
153.99.235.222;;;tcp;3986;mapper-ws_ethd;open;;;syn-ack;;3;
153.99.235.222;;;tcp;4899;radmin;open;;;syn-ack;;3;
153.99.235.222;;;tcp;5000;upnp;open;;;syn-ack;;3;
153.99.235.222;;;tcp;5009;airport-admin;open;;;syn-ack;;3;
153.99.235.222;;;tcp;5051;ida-agent;open;;;syn-ack;;3;
153.99.235.222;;;tcp;5060;sip;open;;;syn-ack;;3;
153.99.235.222;;;tcp;5101;admdog;open;;;syn-ack;;3;
153.99.235.222;;;tcp;5190;aol;open;;;syn-ack;;3;
153.99.235.222;;;tcp;5357;wsdapi;open;;;syn-ack;;3;
153.99.235.222;;;tcp;5432;postgresql;open;;;syn-ack;;3;
153.99.235.222;;;tcp;5631;pcanywheredata;open;;;syn-ack;;3;
153.99.235.222;;;tcp;5666;nrpe;open;;;syn-ack;;3;
153.99.235.222;;;tcp;5800;vnc-http;open;;;syn-ack;;3;
153.99.235.222;;;tcp;5900;vnc;open;;;syn-ack;;3;
153.99.235.222;;;tcp;6000;X11;open;;;syn-ack;;3;
153.99.235.222;;;tcp;6001;X11:1;open;;;syn-ack;;3;
153.99.235.222;;;tcp;6646;unknown;open;;;syn-ack;;3;
153.99.235.222;;;tcp;7070;realserver;open;;;syn-ack;;3;
153.99.235.222;;;tcp;8000;http-alt;open;;;syn-ack;;3;
153.99.235.222;;;tcp;8008;http;open;;;syn-ack;;3;
153.99.235.222;;;tcp;8009;ajp13;open;;;syn-ack;;3;
153.99.235.222;;;tcp;8080;http-proxy;open;;;syn-ack;;3;
153.99.235.222;;;tcp;8081;blackice-icecap;open;;;syn-ack;;3;
153.99.235.222;;;tcp;8443;https-alt;open;;;syn-ack;;3;
153.99.235.222;;;tcp;8888;sun-answerbook;open;;;syn-ack;;3;
153.99.235.222;;;tcp;9100;jetdirect;open;;;syn-ack;;3;
153.99.235.222;;;tcp;9999;abyss;open;;;syn-ack;;3;
153.99.235.222;;;tcp;10000;snet-sensor-mgmt;open;;;syn-ack;;3;
153.99.235.222;;;tcp;32768;filenet-tms;open;;;syn-ack;;3;
153.99.235.222;;;tcp;49152;unknown;open;;;syn-ack;;3;
153.99.235.222;;;tcp;49153;unknown;open;;;syn-ack;;3;
153.99.235.222;;;tcp;49154;unknown;open;;;syn-ack;;3;
153.99.235.222;;;tcp;49155;unknown;open;;;syn-ack;;3;
153.99.235.222;;;tcp;49156;unknown;open;;;syn-ack;;3;
153.99.235.222;;;tcp;49157;unknown;open;;;syn-ack;;3;

host;hostname;hostname_type;protocol;port;name;state;product;extrainfo;reason;version;conf;cpe

host;hostname;hostname_type;protocol;port;name;state;product;extrainfo;reason;version;conf;cpe
61.163.111.92;hn.ly.kd.adsl;PTR;tcp;80;http;open;;;syn-ack;;3;
61.163.111.92;hn.ly.kd.adsl;PTR;tcp;81;hosts2-ns;open;;;syn-ack;;3;
61.163.111.92;hn.ly.kd.adsl;PTR;tcp;88;kerberos-sec;open;;;syn-ack;;3;
61.163.111.92;hn.ly.kd.adsl;PTR;tcp;443;https;open;;;syn-ack;;3;
61.163.111.92;hn.ly.kd.adsl;PTR;tcp;3000;ppp;open;;;syn-ack;;3;
61.163.111.92;hn.ly.kd.adsl;PTR;tcp;5000;upnp;open;;;syn-ack;;3;
61.163.111.92;hn.ly.kd.adsl;PTR;tcp;7070;realserver;open;;;syn-ack;;3;
61.163.111.92;hn.ly.kd.adsl;PTR;tcp;8000;http-alt;open;;;syn-ack;;3;
61.163.111.92;hn.ly.kd.adsl;PTR;tcp;8008;http;open;;;syn-ack;;3;
61.163.111.92;hn.ly.kd.adsl;PTR;tcp;8009;ajp13;open;;;syn-ack;;3;
61.163.111.92;hn.ly.kd.adsl;PTR;tcp;8080;http-proxy;open;;;syn-ack;;3;
61.163.111.92;hn.ly.kd.adsl;PTR;tcp;8081;blackice-icecap;open;;;syn-ack;;3;
61.163.111.92;hn.ly.kd.adsl;PTR;tcp;8443;https-alt;open;;;syn-ack;;3;
61.163.111.92;hn.ly.kd.adsl;PTR;tcp;8888;sun-answerbook;open;;;syn-ack;;3;
61.163.111.92;hn.ly.kd.adsl;PTR;tcp;9100;jetdirect;open;;;syn-ack;;3;

host;hostname;hostname_type;protocol;port;name;state;product;extrainfo;reason;version;conf;cpe
42.62.43.136;;;tcp;7;echo;closed;;;reset;;3;
42.62.43.136;;;tcp;9;discard;closed;;;reset;;3;
42.62.43.136;;;tcp;13;daytime;closed;;;reset;;3;
42.62.43.136;;;tcp;21;ftp;closed;;;reset;;3;
42.62.43.136;;;tcp;22;ssh;closed;;;reset;;3;
42.62.43.136;;;tcp;23;telnet;closed;;;reset;;3;
42.62.43.136;;;tcp;25;smtp;closed;;;reset;;3;
42.62.43.136;;;tcp;26;rsftp;closed;;;reset;;3;
42.62.43.136;;;tcp;37;time;closed;;;reset;;3;
42.62.43.136;;;tcp;53;domain;closed;;;reset;;3;
42.62.43.136;;;tcp;79;finger;closed;;;reset;;3;
42.62.43.136;;;tcp;80;http;open;;;syn-ack;;3;
42.62.43.136;;;tcp;81;hosts2-ns;open;;;syn-ack;;3;
42.62.43.136;;;tcp;88;kerberos-sec;open;;;syn-ack;;3;
42.62.43.136;;;tcp;106;pop3pw;open;;;syn-ack;;3;
42.62.43.136;;;tcp;110;pop3;open;;;syn-ack;;3;
42.62.43.136;;;tcp;111;rpcbind;open;;;syn-ack;;3;
42.62.43.136;;;tcp;113;ident;open;;;syn-ack;;3;
42.62.43.136;;;tcp;119;nntp;open;;;syn-ack;;3;
42.62.43.136;;;tcp;135;msrpc;filtered;;;no-response;;3;
42.62.43.136;;;tcp;139;netbios-ssn;filtered;;;no-response;;3;
42.62.43.136;;;tcp;143;imap;open;;;syn-ack;;3;
42.62.43.136;;;tcp;144;news;open;;;syn-ack;;3;
42.62.43.136;;;tcp;179;bgp;open;;;syn-ack;;3;
42.62.43.136;;;tcp;199;smux;open;;;syn-ack;;3;
42.62.43.136;;;tcp;389;ldap;open;;;syn-ack;;3;
42.62.43.136;;;tcp;427;svrloc;open;;;syn-ack;;3;
42.62.43.136;;;tcp;443;https;open;;;syn-ack;;3;
42.62.43.136;;;tcp;444;snpp;open;;;syn-ack;;3;
42.62.43.136;;;tcp;445;microsoft-ds;filtered;;;no-response;;3;
42.62.43.136;;;tcp;465;smtps;open;;;syn-ack;;3;
42.62.43.136;;;tcp;513;login;open;;;syn-ack;;3;
42.62.43.136;;;tcp;514;shell;open;;;syn-ack;;3;
42.62.43.136;;;tcp;515;printer;open;;;syn-ack;;3;
42.62.43.136;;;tcp;543;klogin;open;;;syn-ack;;3;
42.62.43.136;;;tcp;544;kshell;open;;;syn-ack;;3;
42.62.43.136;;;tcp;548;afp;open;;;syn-ack;;3;
42.62.43.136;;;tcp;554;rtsp;open;;;syn-ack;;3;
42.62.43.136;;;tcp;587;submission;open;;;syn-ack;;3;
42.62.43.136;;;tcp;631;ipp;open;;;syn-ack;;3;
42.62.43.136;;;tcp;646;ldp;open;;;syn-ack;;3;
42.62.43.136;;;tcp;873;rsync;open;;;syn-ack;;3;
42.62.43.136;;;tcp;990;ftps;open;;;syn-ack;;3;
42.62.43.136;;;tcp;993;imaps;open;;;syn-ack;;3;
42.62.43.136;;;tcp;995;pop3s;open;;;syn-ack;;3;
42.62.43.136;;;tcp;1025;NFS-or-IIS;open;;;syn-ack;;3;
42.62.43.136;;;tcp;1026;LSA-or-nterm;open;;;syn-ack;;3;
42.62.43.136;;;tcp;1027;IIS;open;;;syn-ack;;3;
42.62.43.136;;;tcp;1028;unknown;open;;;syn-ack;;3;
42.62.43.136;;;tcp;1029;ms-lsa;open;;;syn-ack;;3;
42.62.43.136;;;tcp;1110;nfsd-status;open;;;syn-ack;;3;
42.62.43.136;;;tcp;1433;ms-sql-s;open;;;syn-ack;;3;
42.62.43.136;;;tcp;1720;h323q931;open;;;syn-ack;;3;
42.62.43.136;;;tcp;1723;pptp;open;;;syn-ack;;3;
42.62.43.136;;;tcp;1755;wms;open;;;syn-ack;;3;
42.62.43.136;;;tcp;1900;upnp;open;;;syn-ack;;3;
42.62.43.136;;;tcp;2000;cisco-sccp;open;;;syn-ack;;3;
42.62.43.136;;;tcp;2001;dc;open;;;syn-ack;;3;
42.62.43.136;;;tcp;2049;nfs;open;;;syn-ack;;3;
42.62.43.136;;;tcp;2121;ccproxy-ftp;open;;;syn-ack;;3;
42.62.43.136;;;tcp;2717;pn-requester;open;;;syn-ack;;3;
42.62.43.136;;;tcp;3000;ppp;open;;;syn-ack;;3;
42.62.43.136;;;tcp;3128;squid-http;open;;;syn-ack;;3;
42.62.43.136;;;tcp;3306;mysql;open;;;syn-ack;;3;
42.62.43.136;;;tcp;3389;ms-wbt-server;open;;;syn-ack;;3;
42.62.43.136;;;tcp;3986;mapper-ws_ethd;open;;;syn-ack;;3;
42.62.43.136;;;tcp;4899;radmin;open;;;syn-ack;;3;
42.62.43.136;;;tcp;5000;upnp;open;;;syn-ack;;3;
42.62.43.136;;;tcp;5009;airport-admin;open;;;syn-ack;;3;
42.62.43.136;;;tcp;5051;ida-agent;open;;;syn-ack;;3;
42.62.43.136;;;tcp;5060;sip;open;;;syn-ack;;3;
42.62.43.136;;;tcp;5101;admdog;open;;;syn-ack;;3;
42.62.43.136;;;tcp;5190;aol;open;;;syn-ack;;3;
42.62.43.136;;;tcp;5357;wsdapi;open;;;syn-ack;;3;
42.62.43.136;;;tcp;5432;postgresql;open;;;syn-ack;;3;
42.62.43.136;;;tcp;5631;pcanywheredata;open;;;syn-ack;;3;
42.62.43.136;;;tcp;5666;nrpe;open;;;syn-ack;;3;
42.62.43.136;;;tcp;5800;vnc-http;filtered;;;no-response;;3;
42.62.43.136;;;tcp;5900;vnc;filtered;;;no-response;;3;
42.62.43.136;;;tcp;6000;X11;open;;;syn-ack;;3;
42.62.43.136;;;tcp;6001;X11:1;open;;;syn-ack;;3;
42.62.43.136;;;tcp;6646;unknown;open;;;syn-ack;;3;
42.62.43.136;;;tcp;7070;realserver;open;;;syn-ack;;3;
42.62.43.136;;;tcp;8000;http-alt;open;;;syn-ack;;3;
42.62.43.136;;;tcp;8008;http;open;;;syn-ack;;3;
42.62.43.136;;;tcp;8009;ajp13;open;;;syn-ack;;3;
42.62.43.136;;;tcp;8080;http-proxy;open;;;syn-ack;;3;
42.62.43.136;;;tcp;8081;blackice-icecap;open;;;syn-ack;;3;
42.62.43.136;;;tcp;8443;https-alt;open;;;syn-ack;;3;
42.62.43.136;;;tcp;8888;sun-answerbook;open;;;syn-ack;;3;
42.62.43.136;;;tcp;9100;jetdirect;open;;;syn-ack;;3;
42.62.43.136;;;tcp;9999;abyss;open;;;syn-ack;;3;
42.62.43.136;;;tcp;10000;snet-sensor-mgmt;open;;;syn-ack;;3;
42.62.43.136;;;tcp;32768;filenet-tms;open;;;syn-ack;;3;
42.62.43.136;;;tcp;49152;unknown;open;;;syn-ack;;3;
42.62.43.136;;;tcp;49153;unknown;open;;;syn-ack;;3;
42.62.43.136;;;tcp;49154;unknown;open;;;syn-ack;;3;
42.62.43.136;;;tcp;49155;unknown;open;;;syn-ack;;3;
42.62.43.136;;;tcp;49156;unknown;open;;;syn-ack;;3;
42.62.43.136;;;tcp;49157;unknown;open;;;syn-ack;;3;

host;hostname;hostname_type;protocol;port;name;state;product;extrainfo;reason;version;conf;cpe
220.248.245.188;mail.iflytek.com;PTR;tcp;22;ssh;open;;;syn-ack;;3;
220.248.245.188;mail.iflytek.com;PTR;tcp;23;telnet;open;;;syn-ack;;3;
220.248.245.188;mail.iflytek.com;PTR;tcp;25;smtp;filtered;;;no-response;;3;
220.248.245.188;mail.iflytek.com;PTR;tcp;80;http;filtered;;;no-response;;3;
220.248.245.188;mail.iflytek.com;PTR;tcp;110;pop3;filtered;;;no-response;;3;
220.248.245.188;mail.iflytek.com;PTR;tcp;135;msrpc;filtered;;;no-response;;3;
220.248.245.188;mail.iflytek.com;PTR;tcp;139;netbios-ssn;filtered;;;no-response;;3;
220.248.245.188;mail.iflytek.com;PTR;tcp;443;https;filtered;;;no-response;;3;
220.248.245.188;mail.iflytek.com;PTR;tcp;445;microsoft-ds;filtered;;;no-response;;3;
220.248.245.188;mail.iflytek.com;PTR;tcp;1433;ms-sql-s;filtered;;;no-response;;3;
220.248.245.188;mail.iflytek.com;PTR;tcp;5800;vnc-http;filtered;;;no-response;;3;
220.248.245.188;mail.iflytek.com;PTR;tcp;5900;vnc;filtered;;;no-response;;3;
220.248.245.188;mail.iflytek.com;PTR;tcp;8080;http-proxy;filtered;;;no-response;;3;
220.248.245.188;mail.iflytek.com;PTR;tcp;8888;sun-answerbook;filtered;;;no-response;;3;
220.248.245.188;mail.iflytek.com;PTR;tcp;9999;abyss;open;;;syn-ack;;3;

host;hostname;hostname_type;protocol;port;name;state;product;extrainfo;reason;version;conf;cpe
220.248.230.134;134.230.248.220.adsl-pool.ah.cnuninet.net;PTR;tcp;7;echo;closed;;;reset;;3;
220.248.230.134;134.230.248.220.adsl-pool.ah.cnuninet.net;PTR;tcp;9;discard;closed;;;reset;;3;
220.248.230.134;134.230.248.220.adsl-pool.ah.cnuninet.net;PTR;tcp;13;daytime;closed;;;reset;;3;
220.248.230.134;134.230.248.220.adsl-pool.ah.cnuninet.net;PTR;tcp;21;ftp;closed;;;reset;;3;
220.248.230.134;134.230.248.220.adsl-pool.ah.cnuninet.net;PTR;tcp;22;ssh;closed;;;reset;;3;
220.248.230.134;134.230.248.220.adsl-pool.ah.cnuninet.net;PTR;tcp;23;telnet;closed;;;reset;;3;
220.248.230.134;134.230.248.220.adsl-pool.ah.cnuninet.net;PTR;tcp;25;smtp;closed;;;reset;;3;
220.248.230.134;134.230.248.220.adsl-pool.ah.cnuninet.net;PTR;tcp;26;rsftp;closed;;;reset;;3;
220.248.230.134;134.230.248.220.adsl-pool.ah.cnuninet.net;PTR;tcp;37;time;closed;;;reset;;3;
220.248.230.134;134.230.248.220.adsl-pool.ah.cnuninet.net;PTR;tcp;53;domain;closed;;;reset;;3;
220.248.230.134;134.230.248.220.adsl-pool.ah.cnuninet.net;PTR;tcp;79;finger;closed;;;reset;;3;
220.248.230.134;134.230.248.220.adsl-pool.ah.cnuninet.net;PTR;tcp;80;http;open;;;syn-ack;;3;
220.248.230.134;134.230.248.220.adsl-pool.ah.cnuninet.net;PTR;tcp;81;hosts2-ns;open;;;syn-ack;;3;
220.248.230.134;134.230.248.220.adsl-pool.ah.cnuninet.net;PTR;tcp;88;kerberos-sec;open;;;syn-ack;;3;
220.248.230.134;134.230.248.220.adsl-pool.ah.cnuninet.net;PTR;tcp;106;pop3pw;open;;;syn-ack;;3;
220.248.230.134;134.230.248.220.adsl-pool.ah.cnuninet.net;PTR;tcp;110;pop3;open;;;syn-ack;;3;
220.248.230.134;134.230.248.220.adsl-pool.ah.cnuninet.net;PTR;tcp;111;rpcbind;open;;;syn-ack;;3;
220.248.230.134;134.230.248.220.adsl-pool.ah.cnuninet.net;PTR;tcp;113;ident;open;;;syn-ack;;3;
220.248.230.134;134.230.248.220.adsl-pool.ah.cnuninet.net;PTR;tcp;119;nntp;open;;;syn-ack;;3;
220.248.230.134;134.230.248.220.adsl-pool.ah.cnuninet.net;PTR;tcp;135;msrpc;filtered;;;no-response;;3;
220.248.230.134;134.230.248.220.adsl-pool.ah.cnuninet.net;PTR;tcp;139;netbios-ssn;filtered;;;no-response;;3;
220.248.230.134;134.230.248.220.adsl-pool.ah.cnuninet.net;PTR;tcp;143;imap;open;;;syn-ack;;3;
220.248.230.134;134.230.248.220.adsl-pool.ah.cnuninet.net;PTR;tcp;144;news;open;;;syn-ack;;3;
220.248.230.134;134.230.248.220.adsl-pool.ah.cnuninet.net;PTR;tcp;179;bgp;open;;;syn-ack;;3;
220.248.230.134;134.230.248.220.adsl-pool.ah.cnuninet.net;PTR;tcp;199;smux;open;;;syn-ack;;3;
220.248.230.134;134.230.248.220.adsl-pool.ah.cnuninet.net;PTR;tcp;389;ldap;open;;;syn-ack;;3;
220.248.230.134;134.230.248.220.adsl-pool.ah.cnuninet.net;PTR;tcp;427;svrloc;open;;;syn-ack;;3;
220.248.230.134;134.230.248.220.adsl-pool.ah.cnuninet.net;PTR;tcp;443;https;open;;;syn-ack;;3;
220.248.230.134;134.230.248.220.adsl-pool.ah.cnuninet.net;PTR;tcp;444;snpp;open;;;syn-ack;;3;
220.248.230.134;134.230.248.220.adsl-pool.ah.cnuninet.net;PTR;tcp;445;microsoft-ds;filtered;;;no-response;;3;
220.248.230.134;134.230.248.220.adsl-pool.ah.cnuninet.net;PTR;tcp;465;smtps;open;;;syn-ack;;3;
220.248.230.134;134.230.248.220.adsl-pool.ah.cnuninet.net;PTR;tcp;513;login;open;;;syn-ack;;3;
220.248.230.134;134.230.248.220.adsl-pool.ah.cnuninet.net;PTR;tcp;514;shell;open;;;syn-ack;;3;
220.248.230.134;134.230.248.220.adsl-pool.ah.cnuninet.net;PTR;tcp;515;printer;open;;;syn-ack;;3;
220.248.230.134;134.230.248.220.adsl-pool.ah.cnuninet.net;PTR;tcp;543;klogin;open;;;syn-ack;;3;
220.248.230.134;134.230.248.220.adsl-pool.ah.cnuninet.net;PTR;tcp;544;kshell;open;;;syn-ack;;3;
220.248.230.134;134.230.248.220.adsl-pool.ah.cnuninet.net;PTR;tcp;548;afp;open;;;syn-ack;;3;
220.248.230.134;134.230.248.220.adsl-pool.ah.cnuninet.net;PTR;tcp;554;rtsp;open;;;syn-ack;;3;
220.248.230.134;134.230.248.220.adsl-pool.ah.cnuninet.net;PTR;tcp;587;submission;open;;;syn-ack;;3;
220.248.230.134;134.230.248.220.adsl-pool.ah.cnuninet.net;PTR;tcp;631;ipp;open;;;syn-ack;;3;
220.248.230.134;134.230.248.220.adsl-pool.ah.cnuninet.net;PTR;tcp;646;ldp;open;;;syn-ack;;3;
220.248.230.134;134.230.248.220.adsl-pool.ah.cnuninet.net;PTR;tcp;873;rsync;open;;;syn-ack;;3;
220.248.230.134;134.230.248.220.adsl-pool.ah.cnuninet.net;PTR;tcp;990;ftps;open;;;syn-ack;;3;
220.248.230.134;134.230.248.220.adsl-pool.ah.cnuninet.net;PTR;tcp;993;imaps;open;;;syn-ack;;3;
220.248.230.134;134.230.248.220.adsl-pool.ah.cnuninet.net;PTR;tcp;995;pop3s;open;;;syn-ack;;3;
220.248.230.134;134.230.248.220.adsl-pool.ah.cnuninet.net;PTR;tcp;1025;NFS-or-IIS;open;;;syn-ack;;3;
220.248.230.134;134.230.248.220.adsl-pool.ah.cnuninet.net;PTR;tcp;1026;LSA-or-nterm;open;;;syn-ack;;3;
220.248.230.134;134.230.248.220.adsl-pool.ah.cnuninet.net;PTR;tcp;1027;IIS;open;;;syn-ack;;3;
220.248.230.134;134.230.248.220.adsl-pool.ah.cnuninet.net;PTR;tcp;1028;unknown;open;;;syn-ack;;3;
220.248.230.134;134.230.248.220.adsl-pool.ah.cnuninet.net;PTR;tcp;1029;ms-lsa;open;;;syn-ack;;3;
220.248.230.134;134.230.248.220.adsl-pool.ah.cnuninet.net;PTR;tcp;1110;nfsd-status;open;;;syn-ack;;3;
220.248.230.134;134.230.248.220.adsl-pool.ah.cnuninet.net;PTR;tcp;1433;ms-sql-s;filtered;;;no-response;;3;
220.248.230.134;134.230.248.220.adsl-pool.ah.cnuninet.net;PTR;tcp;1720;h323q931;open;;;syn-ack;;3;
220.248.230.134;134.230.248.220.adsl-pool.ah.cnuninet.net;PTR;tcp;1723;pptp;open;;;syn-ack;;3;
220.248.230.134;134.230.248.220.adsl-pool.ah.cnuninet.net;PTR;tcp;1755;wms;open;;;syn-ack;;3;
220.248.230.134;134.230.248.220.adsl-pool.ah.cnuninet.net;PTR;tcp;1900;upnp;open;;;syn-ack;;3;
220.248.230.134;134.230.248.220.adsl-pool.ah.cnuninet.net;PTR;tcp;2000;cisco-sccp;open;;;syn-ack;;3;
220.248.230.134;134.230.248.220.adsl-pool.ah.cnuninet.net;PTR;tcp;2001;dc;open;;;syn-ack;;3;
220.248.230.134;134.230.248.220.adsl-pool.ah.cnuninet.net;PTR;tcp;2049;nfs;open;;;syn-ack;;3;
220.248.230.134;134.230.248.220.adsl-pool.ah.cnuninet.net;PTR;tcp;2121;ccproxy-ftp;open;;;syn-ack;;3;
220.248.230.134;134.230.248.220.adsl-pool.ah.cnuninet.net;PTR;tcp;2717;pn-requester;open;;;syn-ack;;3;
220.248.230.134;134.230.248.220.adsl-pool.ah.cnuninet.net;PTR;tcp;3000;ppp;open;;;syn-ack;;3;
220.248.230.134;134.230.248.220.adsl-pool.ah.cnuninet.net;PTR;tcp;3128;squid-http;open;;;syn-ack;;3;
220.248.230.134;134.230.248.220.adsl-pool.ah.cnuninet.net;PTR;tcp;3306;mysql;open;;;syn-ack;;3;
220.248.230.134;134.230.248.220.adsl-pool.ah.cnuninet.net;PTR;tcp;3389;ms-wbt-server;open;;;syn-ack;;3;
220.248.230.134;134.230.248.220.adsl-pool.ah.cnuninet.net;PTR;tcp;3986;mapper-ws_ethd;open;;;syn-ack;;3;
220.248.230.134;134.230.248.220.adsl-pool.ah.cnuninet.net;PTR;tcp;4899;radmin;open;;;syn-ack;;3;
220.248.230.134;134.230.248.220.adsl-pool.ah.cnuninet.net;PTR;tcp;5000;upnp;open;;;syn-ack;;3;
220.248.230.134;134.230.248.220.adsl-pool.ah.cnuninet.net;PTR;tcp;5009;airport-admin;open;;;syn-ack;;3;
220.248.230.134;134.230.248.220.adsl-pool.ah.cnuninet.net;PTR;tcp;5051;ida-agent;open;;;syn-ack;;3;
220.248.230.134;134.230.248.220.adsl-pool.ah.cnuninet.net;PTR;tcp;5060;sip;open;;;syn-ack;;3;
220.248.230.134;134.230.248.220.adsl-pool.ah.cnuninet.net;PTR;tcp;5101;admdog;open;;;syn-ack;;3;
220.248.230.134;134.230.248.220.adsl-pool.ah.cnuninet.net;PTR;tcp;5190;aol;open;;;syn-ack;;3;
220.248.230.134;134.230.248.220.adsl-pool.ah.cnuninet.net;PTR;tcp;5357;wsdapi;open;;;syn-ack;;3;
220.248.230.134;134.230.248.220.adsl-pool.ah.cnuninet.net;PTR;tcp;5432;postgresql;open;;;syn-ack;;3;
220.248.230.134;134.230.248.220.adsl-pool.ah.cnuninet.net;PTR;tcp;5631;pcanywheredata;open;;;syn-ack;;3;
220.248.230.134;134.230.248.220.adsl-pool.ah.cnuninet.net;PTR;tcp;5666;nrpe;open;;;syn-ack;;3;
220.248.230.134;134.230.248.220.adsl-pool.ah.cnuninet.net;PTR;tcp;5800;vnc-http;filtered;;;no-response;;3;
220.248.230.134;134.230.248.220.adsl-pool.ah.cnuninet.net;PTR;tcp;5900;vnc;filtered;;;no-response;;3;
220.248.230.134;134.230.248.220.adsl-pool.ah.cnuninet.net;PTR;tcp;6000;X11;open;;;syn-ack;;3;
220.248.230.134;134.230.248.220.adsl-pool.ah.cnuninet.net;PTR;tcp;6001;X11:1;open;;;syn-ack;;3;
220.248.230.134;134.230.248.220.adsl-pool.ah.cnuninet.net;PTR;tcp;6646;unknown;open;;;syn-ack;;3;
220.248.230.134;134.230.248.220.adsl-pool.ah.cnuninet.net;PTR;tcp;7070;realserver;open;;;syn-ack;;3;
220.248.230.134;134.230.248.220.adsl-pool.ah.cnuninet.net;PTR;tcp;8000;http-alt;open;;;syn-ack;;3;
220.248.230.134;134.230.248.220.adsl-pool.ah.cnuninet.net;PTR;tcp;8008;http;open;;;syn-ack;;3;
220.248.230.134;134.230.248.220.adsl-pool.ah.cnuninet.net;PTR;tcp;8009;ajp13;open;;;syn-ack;;3;
220.248.230.134;134.230.248.220.adsl-pool.ah.cnuninet.net;PTR;tcp;8080;http-proxy;filtered;;;no-response;;3;
220.248.230.134;134.230.248.220.adsl-pool.ah.cnuninet.net;PTR;tcp;8081;blackice-icecap;open;;;syn-ack;;3;
220.248.230.134;134.230.248.220.adsl-pool.ah.cnuninet.net;PTR;tcp;8443;https-alt;open;;;syn-ack;;3;
220.248.230.134;134.230.248.220.adsl-pool.ah.cnuninet.net;PTR;tcp;8888;sun-answerbook;open;;;syn-ack;;3;
220.248.230.134;134.230.248.220.adsl-pool.ah.cnuninet.net;PTR;tcp;9100;jetdirect;open;;;syn-ack;;3;
220.248.230.134;134.230.248.220.adsl-pool.ah.cnuninet.net;PTR;tcp;9999;abyss;open;;;syn-ack;;3;
220.248.230.134;134.230.248.220.adsl-pool.ah.cnuninet.net;PTR;tcp;10000;snet-sensor-mgmt;open;;;syn-ack;;3;
220.248.230.134;134.230.248.220.adsl-pool.ah.cnuninet.net;PTR;tcp;32768;filenet-tms;open;;;syn-ack;;3;
220.248.230.134;134.230.248.220.adsl-pool.ah.cnuninet.net;PTR;tcp;49152;unknown;open;;;syn-ack;;3;
220.248.230.134;134.230.248.220.adsl-pool.ah.cnuninet.net;PTR;tcp;49153;unknown;open;;;syn-ack;;3;
220.248.230.134;134.230.248.220.adsl-pool.ah.cnuninet.net;PTR;tcp;49154;unknown;open;;;syn-ack;;3;
220.248.230.134;134.230.248.220.adsl-pool.ah.cnuninet.net;PTR;tcp;49155;unknown;open;;;syn-ack;;3;
220.248.230.134;134.230.248.220.adsl-pool.ah.cnuninet.net;PTR;tcp;49156;unknown;open;;;syn-ack;;3;
220.248.230.134;134.230.248.220.adsl-pool.ah.cnuninet.net;PTR;tcp;49157;unknown;open;;;syn-ack;;3;

host;hostname;hostname_type;protocol;port;name;state;product;extrainfo;reason;version;conf;cpe
211.148.28.27;;;tcp;80;http;open;;;syn-ack;;3;
211.148.28.27;;;tcp;443;https;open;;;syn-ack;;3;

host;hostname;hostname_type;protocol;port;name;state;product;extrainfo;reason;version;conf;cpe
61.163.161.247;hn.ly.kd.adsl;PTR;tcp;80;http;open;;;syn-ack;;3;
61.163.161.247;hn.ly.kd.adsl;PTR;tcp;81;hosts2-ns;open;;;syn-ack;;3;
61.163.161.247;hn.ly.kd.adsl;PTR;tcp;88;kerberos-sec;open;;;syn-ack;;3;
61.163.161.247;hn.ly.kd.adsl;PTR;tcp;139;netbios-ssn;filtered;;;no-response;;3;
61.163.161.247;hn.ly.kd.adsl;PTR;tcp;443;https;open;;;syn-ack;;3;
61.163.161.247;hn.ly.kd.adsl;PTR;tcp;3000;ppp;open;;;syn-ack;;3;
61.163.161.247;hn.ly.kd.adsl;PTR;tcp;5000;upnp;open;;;syn-ack;;3;
61.163.161.247;hn.ly.kd.adsl;PTR;tcp;7070;realserver;open;;;syn-ack;;3;
61.163.161.247;hn.ly.kd.adsl;PTR;tcp;8000;http-alt;open;;;syn-ack;;3;
61.163.161.247;hn.ly.kd.adsl;PTR;tcp;8008;http;open;;;syn-ack;;3;
61.163.161.247;hn.ly.kd.adsl;PTR;tcp;8009;ajp13;open;;;syn-ack;;3;
61.163.161.247;hn.ly.kd.adsl;PTR;tcp;8080;http-proxy;open;;;syn-ack;;3;
61.163.161.247;hn.ly.kd.adsl;PTR;tcp;8081;blackice-icecap;open;;;syn-ack;;3;
61.163.161.247;hn.ly.kd.adsl;PTR;tcp;8443;https-alt;open;;;syn-ack;;3;
61.163.161.247;hn.ly.kd.adsl;PTR;tcp;8888;sun-answerbook;open;;;syn-ack;;3;
61.163.161.247;hn.ly.kd.adsl;PTR;tcp;9100;jetdirect;open;;;syn-ack;;3;

host;hostname;hostname_type;protocol;port;name;state;product;extrainfo;reason;version;conf;cpe

host;hostname;hostname_type;protocol;port;name;state;product;extrainfo;reason;version;conf;cpe
59.83.211.238;;;tcp;80;http;open;;;syn-ack;;3;
59.83.211.238;;;tcp;81;hosts2-ns;open;;;syn-ack;;3;
59.83.211.238;;;tcp;88;kerberos-sec;open;;;syn-ack;;3;
59.83.211.238;;;tcp;135;msrpc;filtered;;;no-response;;3;
59.83.211.238;;;tcp;139;netbios-ssn;filtered;;;no-response;;3;
59.83.211.238;;;tcp;443;https;open;;;syn-ack;;3;
59.83.211.238;;;tcp;444;snpp;open;;;syn-ack;;3;
59.83.211.238;;;tcp;445;microsoft-ds;filtered;;;no-response;;3;
59.83.211.238;;;tcp;1433;ms-sql-s;open;;;syn-ack;;3;
59.83.211.238;;;tcp;1723;pptp;open;;;syn-ack;;3;
59.83.211.238;;;tcp;3000;ppp;open;;;syn-ack;;3;
59.83.211.238;;;tcp;7070;realserver;open;;;syn-ack;;3;
59.83.211.238;;;tcp;8000;http-alt;open;;;syn-ack;;3;
59.83.211.238;;;tcp;8008;http;open;;;syn-ack;;3;
59.83.211.238;;;tcp;8009;ajp13;open;;;syn-ack;;3;
59.83.211.238;;;tcp;8080;http-proxy;open;;;syn-ack;;3;
59.83.211.238;;;tcp;8081;blackice-icecap;open;;;syn-ack;;3;
59.83.211.238;;;tcp;8443;https-alt;open;;;syn-ack;;3;
59.83.211.238;;;tcp;8888;sun-answerbook;open;;;syn-ack;;3;
59.83.211.238;;;tcp;9100;jetdirect;open;;;syn-ack;;3;
59.83.211.238;;;tcp;9999;abyss;open;;;syn-ack;;3;
59.83.211.238;;;tcp;10000;snet-sensor-mgmt;open;;;syn-ack;;3;

host;hostname;hostname_type;protocol;port;name;state;product;extrainfo;reason;version;conf;cpe
36.7.172.15;mail.iflytek.com;PTR;tcp;25;smtp;open;;;syn-ack;;3;
36.7.172.15;mail.iflytek.com;PTR;tcp;80;http;open;;;syn-ack;;3;
36.7.172.15;mail.iflytek.com;PTR;tcp;110;pop3;open;;;syn-ack;;3;
36.7.172.15;mail.iflytek.com;PTR;tcp;143;imap;open;;;syn-ack;;3;
36.7.172.15;mail.iflytek.com;PTR;tcp;443;https;open;;;syn-ack;;3;
36.7.172.15;mail.iflytek.com;PTR;tcp;465;smtps;open;;;syn-ack;;3;
36.7.172.15;mail.iflytek.com;PTR;tcp;993;imaps;open;;;syn-ack;;3;
36.7.172.15;mail.iflytek.com;PTR;tcp;995;pop3s;open;;;syn-ack;;3;
36.7.172.15;mail.iflytek.com;PTR;tcp;8080;http-proxy;open;;;syn-ack;;3;

host;hostname;hostname_type;protocol;port;name;state;product;extrainfo;reason;version;conf;cpe

host;hostname;hostname_type;protocol;port;name;state;product;extrainfo;reason;version;conf;cpe
115.238.54.239;;;tcp;22;ssh;open;;;syn-ack;;3;
115.238.54.239;;;tcp;135;msrpc;filtered;;;no-response;;3;
115.238.54.239;;;tcp;139;netbios-ssn;filtered;;;no-response;;3;
115.238.54.239;;;tcp;445;microsoft-ds;filtered;;;no-response;;3;

host;hostname;hostname_type;protocol;port;name;state;product;extrainfo;reason;version;conf;cpe

host;hostname;hostname_type;protocol;port;name;state;product;extrainfo;reason;version;conf;cpe
36.7.109.155;;;tcp;7;echo;closed;;;reset;;3;
36.7.109.155;;;tcp;9;discard;closed;;;reset;;3;
36.7.109.155;;;tcp;13;daytime;closed;;;reset;;3;
36.7.109.155;;;tcp;21;ftp;closed;;;reset;;3;
36.7.109.155;;;tcp;22;ssh;closed;;;reset;;3;
36.7.109.155;;;tcp;23;telnet;closed;;;reset;;3;
36.7.109.155;;;tcp;25;smtp;closed;;;reset;;3;
36.7.109.155;;;tcp;26;rsftp;closed;;;reset;;3;
36.7.109.155;;;tcp;37;time;closed;;;reset;;3;
36.7.109.155;;;tcp;53;domain;closed;;;reset;;3;
36.7.109.155;;;tcp;79;finger;closed;;;reset;;3;
36.7.109.155;;;tcp;80;http;open;;;syn-ack;;3;
36.7.109.155;;;tcp;81;hosts2-ns;open;;;syn-ack;;3;
36.7.109.155;;;tcp;88;kerberos-sec;open;;;syn-ack;;3;
36.7.109.155;;;tcp;106;pop3pw;open;;;syn-ack;;3;
36.7.109.155;;;tcp;110;pop3;open;;;syn-ack;;3;
36.7.109.155;;;tcp;111;rpcbind;open;;;syn-ack;;3;
36.7.109.155;;;tcp;113;ident;open;;;syn-ack;;3;
36.7.109.155;;;tcp;119;nntp;open;;;syn-ack;;3;
36.7.109.155;;;tcp;135;msrpc;filtered;;;no-response;;3;
36.7.109.155;;;tcp;139;netbios-ssn;filtered;;;no-response;;3;
36.7.109.155;;;tcp;143;imap;open;;;syn-ack;;3;
36.7.109.155;;;tcp;144;news;open;;;syn-ack;;3;
36.7.109.155;;;tcp;179;bgp;open;;;syn-ack;;3;
36.7.109.155;;;tcp;199;smux;open;;;syn-ack;;3;
36.7.109.155;;;tcp;389;ldap;open;;;syn-ack;;3;
36.7.109.155;;;tcp;427;svrloc;open;;;syn-ack;;3;
36.7.109.155;;;tcp;443;https;open;;;syn-ack;;3;
36.7.109.155;;;tcp;444;snpp;open;;;syn-ack;;3;
36.7.109.155;;;tcp;445;microsoft-ds;filtered;;;no-response;;3;
36.7.109.155;;;tcp;465;smtps;open;;;syn-ack;;3;
36.7.109.155;;;tcp;513;login;open;;;syn-ack;;3;
36.7.109.155;;;tcp;514;shell;open;;;syn-ack;;3;
36.7.109.155;;;tcp;515;printer;open;;;syn-ack;;3;
36.7.109.155;;;tcp;543;klogin;open;;;syn-ack;;3;
36.7.109.155;;;tcp;544;kshell;open;;;syn-ack;;3;
36.7.109.155;;;tcp;548;afp;open;;;syn-ack;;3;
36.7.109.155;;;tcp;554;rtsp;open;;;syn-ack;;3;
36.7.109.155;;;tcp;587;submission;open;;;syn-ack;;3;
36.7.109.155;;;tcp;631;ipp;open;;;syn-ack;;3;
36.7.109.155;;;tcp;646;ldp;open;;;syn-ack;;3;
36.7.109.155;;;tcp;873;rsync;open;;;syn-ack;;3;
36.7.109.155;;;tcp;990;ftps;open;;;syn-ack;;3;
36.7.109.155;;;tcp;993;imaps;open;;;syn-ack;;3;
36.7.109.155;;;tcp;995;pop3s;open;;;syn-ack;;3;
36.7.109.155;;;tcp;1025;NFS-or-IIS;open;;;syn-ack;;3;
36.7.109.155;;;tcp;1026;LSA-or-nterm;open;;;syn-ack;;3;
36.7.109.155;;;tcp;1027;IIS;open;;;syn-ack;;3;
36.7.109.155;;;tcp;1028;unknown;open;;;syn-ack;;3;
36.7.109.155;;;tcp;1029;ms-lsa;open;;;syn-ack;;3;
36.7.109.155;;;tcp;1110;nfsd-status;open;;;syn-ack;;3;
36.7.109.155;;;tcp;1433;ms-sql-s;open;;;syn-ack;;3;
36.7.109.155;;;tcp;1720;h323q931;open;;;syn-ack;;3;
36.7.109.155;;;tcp;1723;pptp;open;;;syn-ack;;3;
36.7.109.155;;;tcp;1755;wms;open;;;syn-ack;;3;
36.7.109.155;;;tcp;1900;upnp;open;;;syn-ack;;3;
36.7.109.155;;;tcp;2000;cisco-sccp;open;;;syn-ack;;3;
36.7.109.155;;;tcp;2001;dc;open;;;syn-ack;;3;
36.7.109.155;;;tcp;2049;nfs;open;;;syn-ack;;3;
36.7.109.155;;;tcp;2121;ccproxy-ftp;open;;;syn-ack;;3;
36.7.109.155;;;tcp;2717;pn-requester;open;;;syn-ack;;3;
36.7.109.155;;;tcp;3000;ppp;open;;;syn-ack;;3;
36.7.109.155;;;tcp;3128;squid-http;filtered;;;no-response;;3;
36.7.109.155;;;tcp;3306;mysql;open;;;syn-ack;;3;
36.7.109.155;;;tcp;3389;ms-wbt-server;open;;;syn-ack;;3;
36.7.109.155;;;tcp;3986;mapper-ws_ethd;open;;;syn-ack;;3;
36.7.109.155;;;tcp;4899;radmin;open;;;syn-ack;;3;
36.7.109.155;;;tcp;5000;upnp;open;;;syn-ack;;3;
36.7.109.155;;;tcp;5009;airport-admin;open;;;syn-ack;;3;
36.7.109.155;;;tcp;5051;ida-agent;open;;;syn-ack;;3;
36.7.109.155;;;tcp;5060;sip;open;;;syn-ack;;3;
36.7.109.155;;;tcp;5101;admdog;open;;;syn-ack;;3;
36.7.109.155;;;tcp;5190;aol;open;;;syn-ack;;3;
36.7.109.155;;;tcp;5357;wsdapi;open;;;syn-ack;;3;
36.7.109.155;;;tcp;5432;postgresql;open;;;syn-ack;;3;
36.7.109.155;;;tcp;5631;pcanywheredata;open;;;syn-ack;;3;
36.7.109.155;;;tcp;5666;nrpe;open;;;syn-ack;;3;
36.7.109.155;;;tcp;5800;vnc-http;open;;;syn-ack;;3;
36.7.109.155;;;tcp;5900;vnc;open;;;syn-ack;;3;
36.7.109.155;;;tcp;6000;X11;open;;;syn-ack;;3;
36.7.109.155;;;tcp;6001;X11:1;open;;;syn-ack;;3;
36.7.109.155;;;tcp;6646;unknown;open;;;syn-ack;;3;
36.7.109.155;;;tcp;7070;realserver;open;;;syn-ack;;3;
36.7.109.155;;;tcp;8000;http-alt;open;;;syn-ack;;3;
36.7.109.155;;;tcp;8008;http;open;;;syn-ack;;3;
36.7.109.155;;;tcp;8009;ajp13;open;;;syn-ack;;3;
36.7.109.155;;;tcp;8080;http-proxy;open;;;syn-ack;;3;
36.7.109.155;;;tcp;8081;blackice-icecap;open;;;syn-ack;;3;
36.7.109.155;;;tcp;8443;https-alt;open;;;syn-ack;;3;
36.7.109.155;;;tcp;8888;sun-answerbook;open;;;syn-ack;;3;
36.7.109.155;;;tcp;9100;jetdirect;open;;;syn-ack;;3;
36.7.109.155;;;tcp;9999;abyss;open;;;syn-ack;;3;
36.7.109.155;;;tcp;10000;snet-sensor-mgmt;open;;;syn-ack;;3;
36.7.109.155;;;tcp;32768;filenet-tms;open;;;syn-ack;;3;
36.7.109.155;;;tcp;49152;unknown;open;;;syn-ack;;3;
36.7.109.155;;;tcp;49153;unknown;open;;;syn-ack;;3;
36.7.109.155;;;tcp;49154;unknown;open;;;syn-ack;;3;
36.7.109.155;;;tcp;49155;unknown;open;;;syn-ack;;3;
36.7.109.155;;;tcp;49156;unknown;open;;;syn-ack;;3;
36.7.109.155;;;tcp;49157;unknown;open;;;syn-ack;;3;

host;hostname;hostname_type;protocol;port;name;state;product;extrainfo;reason;version;conf;cpe

host;hostname;hostname_type;protocol;port;name;state;product;extrainfo;reason;version;conf;cpe
36.7.172.11;;;tcp;80;http;open;;;syn-ack;;3;
36.7.172.11;;;tcp;443;https;open;;;syn-ack;;3;
36.7.172.11;;;tcp;8080;http-proxy;open;;;syn-ack;;3;
36.7.172.11;;;tcp;8888;sun-answerbook;open;;;syn-ack;;3;

host;hostname;hostname_type;protocol;port;name;state;product;extrainfo;reason;version;conf;cpe
58.67.161.156;;;tcp;80;http;open;;;syn-ack;;3;
58.67.161.156;;;tcp;443;https;open;;;syn-ack;;3;

host;hostname;hostname_type;protocol;port;name;state;product;extrainfo;reason;version;conf;cpe
103.8.34.12;;;tcp;443;https;open;;;syn-ack;;3;

host;hostname;hostname_type;protocol;port;name;state;product;extrainfo;reason;version;conf;cpe

host;hostname;hostname_type;protocol;port;name;state;product;extrainfo;reason;version;conf;cpe
218.12.233.115;;;tcp;80;http;open;;;syn-ack;;3;
218.12.233.115;;;tcp;81;hosts2-ns;open;;;syn-ack;;3;
218.12.233.115;;;tcp;88;kerberos-sec;open;;;syn-ack;;3;
218.12.233.115;;;tcp;135;msrpc;filtered;;;no-response;;3;
218.12.233.115;;;tcp;139;netbios-ssn;filtered;;;no-response;;3;
218.12.233.115;;;tcp;443;https;open;;;syn-ack;;3;
218.12.233.115;;;tcp;445;microsoft-ds;filtered;;;no-response;;3;
218.12.233.115;;;tcp;3000;ppp;open;;;syn-ack;;3;
218.12.233.115;;;tcp;5000;upnp;open;;;syn-ack;;3;
218.12.233.115;;;tcp;7070;realserver;open;;;syn-ack;;3;
218.12.233.115;;;tcp;8000;http-alt;open;;;syn-ack;;3;
218.12.233.115;;;tcp;8008;http;open;;;syn-ack;;3;
218.12.233.115;;;tcp;8009;ajp13;open;;;syn-ack;;3;
218.12.233.115;;;tcp;8080;http-proxy;open;;;syn-ack;;3;
218.12.233.115;;;tcp;8081;blackice-icecap;open;;;syn-ack;;3;
218.12.233.115;;;tcp;8443;https-alt;open;;;syn-ack;;3;
218.12.233.115;;;tcp;8888;sun-answerbook;open;;;syn-ack;;3;
218.12.233.115;;;tcp;9100;jetdirect;open;;;syn-ack;;3;

host;hostname;hostname_type;protocol;port;name;state;product;extrainfo;reason;version;conf;cpe

host;hostname;hostname_type;protocol;port;name;state;product;extrainfo;reason;version;conf;cpe
36.7.109.165;;;tcp;7;echo;closed;;;reset;;3;
36.7.109.165;;;tcp;9;discard;closed;;;reset;;3;
36.7.109.165;;;tcp;13;daytime;closed;;;reset;;3;
36.7.109.165;;;tcp;21;ftp;closed;;;reset;;3;
36.7.109.165;;;tcp;22;ssh;closed;;;reset;;3;
36.7.109.165;;;tcp;23;telnet;closed;;;reset;;3;
36.7.109.165;;;tcp;25;smtp;closed;;;reset;;3;
36.7.109.165;;;tcp;26;rsftp;closed;;;reset;;3;
36.7.109.165;;;tcp;37;time;closed;;;reset;;3;
36.7.109.165;;;tcp;53;domain;closed;;;reset;;3;
36.7.109.165;;;tcp;79;finger;closed;;;reset;;3;
36.7.109.165;;;tcp;80;http;open;;;syn-ack;;3;
36.7.109.165;;;tcp;81;hosts2-ns;open;;;syn-ack;;3;
36.7.109.165;;;tcp;88;kerberos-sec;open;;;syn-ack;;3;
36.7.109.165;;;tcp;106;pop3pw;open;;;syn-ack;;3;
36.7.109.165;;;tcp;110;pop3;open;;;syn-ack;;3;
36.7.109.165;;;tcp;111;rpcbind;open;;;syn-ack;;3;
36.7.109.165;;;tcp;113;ident;open;;;syn-ack;;3;
36.7.109.165;;;tcp;119;nntp;open;;;syn-ack;;3;
36.7.109.165;;;tcp;135;msrpc;filtered;;;no-response;;3;
36.7.109.165;;;tcp;139;netbios-ssn;filtered;;;no-response;;3;
36.7.109.165;;;tcp;143;imap;open;;;syn-ack;;3;
36.7.109.165;;;tcp;144;news;open;;;syn-ack;;3;
36.7.109.165;;;tcp;179;bgp;open;;;syn-ack;;3;
36.7.109.165;;;tcp;199;smux;open;;;syn-ack;;3;
36.7.109.165;;;tcp;389;ldap;open;;;syn-ack;;3;
36.7.109.165;;;tcp;427;svrloc;open;;;syn-ack;;3;
36.7.109.165;;;tcp;443;https;open;;;syn-ack;;3;
36.7.109.165;;;tcp;444;snpp;open;;;syn-ack;;3;
36.7.109.165;;;tcp;445;microsoft-ds;filtered;;;no-response;;3;
36.7.109.165;;;tcp;465;smtps;open;;;syn-ack;;3;
36.7.109.165;;;tcp;513;login;open;;;syn-ack;;3;
36.7.109.165;;;tcp;514;shell;open;;;syn-ack;;3;
36.7.109.165;;;tcp;515;printer;open;;;syn-ack;;3;
36.7.109.165;;;tcp;543;klogin;open;;;syn-ack;;3;
36.7.109.165;;;tcp;544;kshell;open;;;syn-ack;;3;
36.7.109.165;;;tcp;548;afp;open;;;syn-ack;;3;
36.7.109.165;;;tcp;554;rtsp;open;;;syn-ack;;3;
36.7.109.165;;;tcp;587;submission;open;;;syn-ack;;3;
36.7.109.165;;;tcp;631;ipp;open;;;syn-ack;;3;
36.7.109.165;;;tcp;646;ldp;open;;;syn-ack;;3;
36.7.109.165;;;tcp;873;rsync;open;;;syn-ack;;3;
36.7.109.165;;;tcp;990;ftps;open;;;syn-ack;;3;
36.7.109.165;;;tcp;993;imaps;open;;;syn-ack;;3;
36.7.109.165;;;tcp;995;pop3s;open;;;syn-ack;;3;
36.7.109.165;;;tcp;1025;NFS-or-IIS;open;;;syn-ack;;3;
36.7.109.165;;;tcp;1026;LSA-or-nterm;open;;;syn-ack;;3;
36.7.109.165;;;tcp;1027;IIS;open;;;syn-ack;;3;
36.7.109.165;;;tcp;1028;unknown;open;;;syn-ack;;3;
36.7.109.165;;;tcp;1029;ms-lsa;open;;;syn-ack;;3;
36.7.109.165;;;tcp;1110;nfsd-status;open;;;syn-ack;;3;
36.7.109.165;;;tcp;1433;ms-sql-s;open;;;syn-ack;;3;
36.7.109.165;;;tcp;1720;h323q931;open;;;syn-ack;;3;
36.7.109.165;;;tcp;1723;pptp;open;;;syn-ack;;3;
36.7.109.165;;;tcp;1755;wms;open;;;syn-ack;;3;
36.7.109.165;;;tcp;1900;upnp;open;;;syn-ack;;3;
36.7.109.165;;;tcp;2000;cisco-sccp;open;;;syn-ack;;3;
36.7.109.165;;;tcp;2001;dc;open;;;syn-ack;;3;
36.7.109.165;;;tcp;2049;nfs;open;;;syn-ack;;3;
36.7.109.165;;;tcp;2121;ccproxy-ftp;open;;;syn-ack;;3;
36.7.109.165;;;tcp;2717;pn-requester;open;;;syn-ack;;3;
36.7.109.165;;;tcp;3000;ppp;open;;;syn-ack;;3;
36.7.109.165;;;tcp;3128;squid-http;filtered;;;no-response;;3;
36.7.109.165;;;tcp;3306;mysql;open;;;syn-ack;;3;
36.7.109.165;;;tcp;3389;ms-wbt-server;open;;;syn-ack;;3;
36.7.109.165;;;tcp;3986;mapper-ws_ethd;open;;;syn-ack;;3;
36.7.109.165;;;tcp;4899;radmin;open;;;syn-ack;;3;
36.7.109.165;;;tcp;5000;upnp;open;;;syn-ack;;3;
36.7.109.165;;;tcp;5009;airport-admin;open;;;syn-ack;;3;
36.7.109.165;;;tcp;5051;ida-agent;open;;;syn-ack;;3;
36.7.109.165;;;tcp;5060;sip;open;;;syn-ack;;3;
36.7.109.165;;;tcp;5101;admdog;open;;;syn-ack;;3;
36.7.109.165;;;tcp;5190;aol;open;;;syn-ack;;3;
36.7.109.165;;;tcp;5357;wsdapi;open;;;syn-ack;;3;
36.7.109.165;;;tcp;5432;postgresql;open;;;syn-ack;;3;
36.7.109.165;;;tcp;5631;pcanywheredata;open;;;syn-ack;;3;
36.7.109.165;;;tcp;5666;nrpe;open;;;syn-ack;;3;
36.7.109.165;;;tcp;5800;vnc-http;open;;;syn-ack;;3;
36.7.109.165;;;tcp;5900;vnc;open;;;syn-ack;;3;
36.7.109.165;;;tcp;6000;X11;open;;;syn-ack;;3;
36.7.109.165;;;tcp;6001;X11:1;open;;;syn-ack;;3;
36.7.109.165;;;tcp;6646;unknown;open;;;syn-ack;;3;
36.7.109.165;;;tcp;7070;realserver;open;;;syn-ack;;3;
36.7.109.165;;;tcp;8000;http-alt;open;;;syn-ack;;3;
36.7.109.165;;;tcp;8008;http;open;;;syn-ack;;3;
36.7.109.165;;;tcp;8009;ajp13;open;;;syn-ack;;3;
36.7.109.165;;;tcp;8080;http-proxy;open;;;syn-ack;;3;
36.7.109.165;;;tcp;8081;blackice-icecap;open;;;syn-ack;;3;
36.7.109.165;;;tcp;8443;https-alt;open;;;syn-ack;;3;
36.7.109.165;;;tcp;8888;sun-answerbook;open;;;syn-ack;;3;
36.7.109.165;;;tcp;9100;jetdirect;open;;;syn-ack;;3;
36.7.109.165;;;tcp;9999;abyss;open;;;syn-ack;;3;
36.7.109.165;;;tcp;10000;snet-sensor-mgmt;open;;;syn-ack;;3;
36.7.109.165;;;tcp;32768;filenet-tms;open;;;syn-ack;;3;
36.7.109.165;;;tcp;49152;unknown;open;;;syn-ack;;3;
36.7.109.165;;;tcp;49153;unknown;open;;;syn-ack;;3;
36.7.109.165;;;tcp;49154;unknown;open;;;syn-ack;;3;
36.7.109.165;;;tcp;49155;unknown;open;;;syn-ack;;3;
36.7.109.165;;;tcp;49156;unknown;open;;;syn-ack;;3;
36.7.109.165;;;tcp;49157;unknown;open;;;syn-ack;;3;

host;hostname;hostname_type;protocol;port;name;state;product;extrainfo;reason;version;conf;cpe

host;hostname;hostname_type;protocol;port;name;state;product;extrainfo;reason;version;conf;cpe
59.83.211.253;;;tcp;80;http;open;;;syn-ack;;3;
59.83.211.253;;;tcp;81;hosts2-ns;open;;;syn-ack;;3;
59.83.211.253;;;tcp;88;kerberos-sec;open;;;syn-ack;;3;
59.83.211.253;;;tcp;135;msrpc;filtered;;;no-response;;3;
59.83.211.253;;;tcp;139;netbios-ssn;filtered;;;no-response;;3;
59.83.211.253;;;tcp;443;https;open;;;syn-ack;;3;
59.83.211.253;;;tcp;445;microsoft-ds;filtered;;;no-response;;3;
59.83.211.253;;;tcp;3000;ppp;open;;;syn-ack;;3;
59.83.211.253;;;tcp;5000;upnp;open;;;syn-ack;;3;
59.83.211.253;;;tcp;7070;realserver;open;;;syn-ack;;3;
59.83.211.253;;;tcp;8000;http-alt;open;;;syn-ack;;3;
59.83.211.253;;;tcp;8008;http;open;;;syn-ack;;3;
59.83.211.253;;;tcp;8009;ajp13;open;;;syn-ack;;3;
59.83.211.253;;;tcp;8080;http-proxy;open;;;syn-ack;;3;
59.83.211.253;;;tcp;8081;blackice-icecap;open;;;syn-ack;;3;
59.83.211.253;;;tcp;8443;https-alt;open;;;syn-ack;;3;
59.83.211.253;;;tcp;8888;sun-answerbook;open;;;syn-ack;;3;
59.83.211.253;;;tcp;9100;jetdirect;open;;;syn-ack;;3;

host;hostname;hostname_type;protocol;port;name;state;product;extrainfo;reason;version;conf;cpe
36.7.144.3;;;tcp;22;ssh;open;;;syn-ack;;3;
36.7.144.3;;;tcp;80;http;open;;;syn-ack;;3;
36.7.144.3;;;tcp;135;msrpc;filtered;;;no-response;;3;
36.7.144.3;;;tcp;139;netbios-ssn;filtered;;;no-response;;3;
36.7.144.3;;;tcp;443;https;open;;;syn-ack;;3;
36.7.144.3;;;tcp;445;microsoft-ds;filtered;;;no-response;;3;
36.7.144.3;;;tcp;3128;squid-http;filtered;;;no-response;;3;

